,Full Url
0,https://books.toscrape.com/catalogue/a-light-in-the-attic_1000/index.html
1,https://books.toscrape.com/catalogue/tipping-the-velvet_999/index.html
2,https://books.toscrape.com/catalogue/soumission_998/index.html
3,https://books.toscrape.com/catalogue/sharp-objects_997/index.html
4,https://books.toscrape.com/catalogue/sapiens-a-brief-history-of-humankind_996/index.html
5,https://books.toscrape.com/catalogue/the-requiem-red_995/index.html
6,https://books.toscrape.com/catalogue/the-dirty-little-secrets-of-getting-your-dream-job_994/index.html
7,https://books.toscrape.com/catalogue/the-coming-woman-a-novel-based-on-the-life-of-the-infamous-feminist-victoria-woodhull_993/index.html
8,https://books.toscrape.com/catalogue/the-boys-in-the-boat-nine-americans-and-their-epic-quest-for-gold-at-the-1936-berlin-olympics_992/index.html
9,https://books.toscrape.com/catalogue/the-black-maria_991/index.html
10,https://books.toscrape.com/catalogue/starving-hearts-triangular-trade-trilogy-1_990/index.html
11,https://books.toscrape.com/catalogue/shakespeares-sonnets_989/index.html
12,https://books.toscrape.com/catalogue/set-me-free_988/index.html
13,https://books.toscrape.com/catalogue/scott-pilgrims-precious-little-life-scott-pilgrim-1_987/index.html
14,https://books.toscrape.com/catalogue/rip-it-up-and-start-again_986/index.html
15,https://books.toscrape.com/catalogue/our-band-could-be-your-life-scenes-from-the-american-indie-underground-1981-1991_985/index.html
16,https://books.toscrape.com/catalogue/olio_984/index.html
17,https://books.toscrape.com/catalogue/mesaerion-the-best-science-fiction-stories-1800-1849_983/index.html
18,https://books.toscrape.com/catalogue/libertarianism-for-beginners_982/index.html
19,https://books.toscrape.com/catalogue/its-only-the-himalayas_981/index.html
20,https://books.toscrape.com/catalogue/in-her-wake_980/index.html
21,https://books.toscrape.com/catalogue/how-music-works_979/index.html
22,https://books.toscrape.com/catalogue/foolproof-preserving-a-guide-to-small-batch-jams-jellies-pickles-condiments-and-more-a-foolproof-guide-to-making-small-batch-jams-jellies-pickles-condiments-and-more_978/index.html
23,https://books.toscrape.com/catalogue/chase-me-paris-nights-2_977/index.html
24,https://books.toscrape.com/catalogue/black-dust_976/index.html
25,https://books.toscrape.com/catalogue/birdsong-a-story-in-pictures_975/index.html
26,https://books.toscrape.com/catalogue/americas-cradle-of-quarterbacks-western-pennsylvanias-football-factory-from-johnny-unitas-to-joe-montana_974/index.html
27,https://books.toscrape.com/catalogue/aladdin-and-his-wonderful-lamp_973/index.html
28,https://books.toscrape.com/catalogue/worlds-elsewhere-journeys-around-shakespeares-globe_972/index.html
29,https://books.toscrape.com/catalogue/wall-and-piece_971/index.html
30,https://books.toscrape.com/catalogue/the-four-agreements-a-practical-guide-to-personal-freedom_970/index.html
31,https://books.toscrape.com/catalogue/the-five-love-languages-how-to-express-heartfelt-commitment-to-your-mate_969/index.html
32,https://books.toscrape.com/catalogue/the-elephant-tree_968/index.html
33,https://books.toscrape.com/catalogue/the-bear-and-the-piano_967/index.html
34,https://books.toscrape.com/catalogue/sophies-world_966/index.html
35,https://books.toscrape.com/catalogue/penny-maybe_965/index.html
36,https://books.toscrape.com/catalogue/maude-1883-1993she-grew-up-with-the-country_964/index.html
37,https://books.toscrape.com/catalogue/in-a-dark-dark-wood_963/index.html
38,https://books.toscrape.com/catalogue/behind-closed-doors_962/index.html
39,https://books.toscrape.com/catalogue/you-cant-bury-them-all-poems_961/index.html
40,https://books.toscrape.com/catalogue/slow-states-of-collapse-poems_960/index.html
41,https://books.toscrape.com/catalogue/reasons-to-stay-alive_959/index.html
42,https://books.toscrape.com/catalogue/private-paris-private-10_958/index.html
43,https://books.toscrape.com/catalogue/higherselfie-wake-up-your-life-free-your-soul-find-your-tribe_957/index.html
44,https://books.toscrape.com/catalogue/without-borders-wanderlove-1_956/index.html
45,https://books.toscrape.com/catalogue/when-we-collided_955/index.html
46,https://books.toscrape.com/catalogue/we-love-you-charlie-freeman_954/index.html
47,https://books.toscrape.com/catalogue/untitled-collection-sabbath-poems-2014_953/index.html
48,https://books.toscrape.com/catalogue/unseen-city-the-majesty-of-pigeons-the-discreet-charm-of-snails-other-wonders-of-the-urban-wilderness_952/index.html
49,https://books.toscrape.com/catalogue/unicorn-tracks_951/index.html
50,https://books.toscrape.com/catalogue/unbound-how-eight-technologies-made-us-human-transformed-society-and-brought-our-world-to-the-brink_950/index.html
51,https://books.toscrape.com/catalogue/tsubasa-world-chronicle-2-tsubasa-world-chronicle-2_949/index.html
52,https://books.toscrape.com/catalogue/throwing-rocks-at-the-google-bus-how-growth-became-the-enemy-of-prosperity_948/index.html
53,https://books.toscrape.com/catalogue/this-one-summer_947/index.html
54,https://books.toscrape.com/catalogue/thirst_946/index.html
55,https://books.toscrape.com/catalogue/the-torch-is-passed-a-harding-family-story_945/index.html
56,https://books.toscrape.com/catalogue/the-secret-of-dreadwillow-carse_944/index.html
57,https://books.toscrape.com/catalogue/the-pioneer-woman-cooks-dinnertime-comfort-classics-freezer-food-16-minute-meals-and-other-delicious-ways-to-solve-supper_943/index.html
58,https://books.toscrape.com/catalogue/the-past-never-ends_942/index.html
59,https://books.toscrape.com/catalogue/the-natural-history-of-us-the-fine-art-of-pretending-2_941/index.html
60,https://books.toscrape.com/catalogue/the-nameless-city-the-nameless-city-1_940/index.html
61,https://books.toscrape.com/catalogue/the-murder-that-never-was-forensic-instincts-5_939/index.html
62,https://books.toscrape.com/catalogue/the-most-perfect-thing-inside-and-outside-a-birds-egg_938/index.html
63,https://books.toscrape.com/catalogue/the-mindfulness-and-acceptance-workbook-for-anxiety-a-guide-to-breaking-free-from-anxiety-phobias-and-worry-using-acceptance-and-commitment-therapy_937/index.html
64,https://books.toscrape.com/catalogue/the-life-changing-magic-of-tidying-up-the-japanese-art-of-decluttering-and-organizing_936/index.html
65,https://books.toscrape.com/catalogue/the-inefficiency-assassin-time-management-tactics-for-working-smarter-not-longer_935/index.html
66,https://books.toscrape.com/catalogue/the-gutsy-girl-escapades-for-your-life-of-epic-adventure_934/index.html
67,https://books.toscrape.com/catalogue/the-electric-pencil-drawings-from-inside-state-hospital-no-3_933/index.html
68,https://books.toscrape.com/catalogue/the-death-of-humanity-and-the-case-for-life_932/index.html
69,https://books.toscrape.com/catalogue/the-bulletproof-diet-lose-up-to-a-pound-a-day-reclaim-energy-and-focus-upgrade-your-life_931/index.html
70,https://books.toscrape.com/catalogue/the-art-forger_930/index.html
71,https://books.toscrape.com/catalogue/the-age-of-genius-the-seventeenth-century-and-the-birth-of-the-modern-mind_929/index.html
72,https://books.toscrape.com/catalogue/the-activists-tao-te-ching-ancient-advice-for-a-modern-revolution_928/index.html
73,https://books.toscrape.com/catalogue/spark-joy-an-illustrated-master-class-on-the-art-of-organizing-and-tidying-up_927/index.html
74,https://books.toscrape.com/catalogue/soul-reader_926/index.html
75,https://books.toscrape.com/catalogue/security_925/index.html
76,https://books.toscrape.com/catalogue/saga-volume-6-saga-collected-editions-6_924/index.html
77,https://books.toscrape.com/catalogue/saga-volume-5-saga-collected-editions-5_923/index.html
78,https://books.toscrape.com/catalogue/reskilling-america-learning-to-labor-in-the-twenty-first-century_922/index.html
79,https://books.toscrape.com/catalogue/rat-queens-vol-3-demons-rat-queens-collected-editions-11-15_921/index.html
80,https://books.toscrape.com/catalogue/princess-jellyfish-2-in-1-omnibus-vol-01-princess-jellyfish-2-in-1-omnibus-1_920/index.html
81,https://books.toscrape.com/catalogue/princess-between-worlds-wide-awake-princess-5_919/index.html
82,https://books.toscrape.com/catalogue/pop-gun-war-volume-1-gift_918/index.html
83,https://books.toscrape.com/catalogue/political-suicide-missteps-peccadilloes-bad-calls-backroom-hijinx-sordid-pasts-rotten-breaks-and-just-plain-dumb-mistakes-in-the-annals-of-american-politics_917/index.html
84,https://books.toscrape.com/catalogue/patience_916/index.html
85,https://books.toscrape.com/catalogue/outcast-vol-1-a-darkness-surrounds-him-outcast-1_915/index.html
86,https://books.toscrape.com/catalogue/orange-the-complete-collection-1-orange-the-complete-collection-1_914/index.html
87,https://books.toscrape.com/catalogue/online-marketing-for-busy-authors-a-step-by-step-guide_913/index.html
88,https://books.toscrape.com/catalogue/on-a-midnight-clear_912/index.html
89,https://books.toscrape.com/catalogue/obsidian-lux-1_911/index.html
90,https://books.toscrape.com/catalogue/my-paris-kitchen-recipes-and-stories_910/index.html
91,https://books.toscrape.com/catalogue/masks-and-shadows_909/index.html
92,https://books.toscrape.com/catalogue/mama-tried-traditional-italian-cooking-for-the-screwed-crude-vegan-and-tattooed_908/index.html
93,https://books.toscrape.com/catalogue/lumberjanes-vol-2-friendship-to-the-max-lumberjanes-5-8_907/index.html
94,https://books.toscrape.com/catalogue/lumberjanes-vol-1-beware-the-kitten-holy-lumberjanes-1-4_906/index.html
95,https://books.toscrape.com/catalogue/lumberjanes-vol-3-a-terrible-plan-lumberjanes-9-12_905/index.html
96,https://books.toscrape.com/catalogue/layered-baking-building-and-styling-spectacular-cakes_904/index.html
97,https://books.toscrape.com/catalogue/judo-seven-steps-to-black-belt-an-introductory-guide-for-beginners_903/index.html
98,https://books.toscrape.com/catalogue/join_902/index.html
99,https://books.toscrape.com/catalogue/in-the-country-we-love-my-family-divided_901/index.html
100,https://books.toscrape.com/catalogue/immunity-how-elie-metchnikoff-changed-the-course-of-modern-medicine_900/index.html
101,https://books.toscrape.com/catalogue/i-hate-fairyland-vol-1-madly-ever-after-i-hate-fairyland-compilations-1-5_899/index.html
102,https://books.toscrape.com/catalogue/i-am-a-hero-omnibus-volume-1_898/index.html
103,https://books.toscrape.com/catalogue/how-to-be-miserable-40-strategies-you-already-use_897/index.html
104,https://books.toscrape.com/catalogue/her-backup-boyfriend-the-sorensen-family-1_896/index.html
105,https://books.toscrape.com/catalogue/giant-days-vol-2-giant-days-5-8_895/index.html
106,https://books.toscrape.com/catalogue/forever-and-forever-the-courtship-of-henry-longfellow-and-fanny-appleton_894/index.html
107,https://books.toscrape.com/catalogue/first-and-first-five-boroughs-3_893/index.html
108,https://books.toscrape.com/catalogue/fifty-shades-darker-fifty-shades-2_892/index.html
109,https://books.toscrape.com/catalogue/everydata-the-misinformation-hidden-in-the-little-data-you-consume-every-day_891/index.html
110,https://books.toscrape.com/catalogue/dont-be-a-jerk-and-other-practical-advice-from-dogen-japans-greatest-zen-master_890/index.html
111,https://books.toscrape.com/catalogue/danganronpa-volume-1_889/index.html
112,https://books.toscrape.com/catalogue/crown-of-midnight-throne-of-glass-2_888/index.html
113,https://books.toscrape.com/catalogue/codename-baboushka-volume-1-the-conclave-of-death_887/index.html
114,https://books.toscrape.com/catalogue/camp-midnight_886/index.html
115,https://books.toscrape.com/catalogue/call-the-nurse-true-stories-of-a-country-nurse-on-a-scottish-isle_885/index.html
116,https://books.toscrape.com/catalogue/burning_884/index.html
117,https://books.toscrape.com/catalogue/bossypants_883/index.html
118,https://books.toscrape.com/catalogue/bitch-planet-vol-1-extraordinary-machine-bitch-planet-collected-editions_882/index.html
119,https://books.toscrape.com/catalogue/avatar-the-last-airbender-smoke-and-shadow-part-3-smoke-and-shadow-3_881/index.html
120,https://books.toscrape.com/catalogue/algorithms-to-live-by-the-computer-science-of-human-decisions_880/index.html
121,https://books.toscrape.com/catalogue/a-world-of-flavor-your-gluten-free-passport_879/index.html
122,https://books.toscrape.com/catalogue/a-piece-of-sky-a-grain-of-rice-a-memoir-in-four-meditations_878/index.html
123,https://books.toscrape.com/catalogue/a-murder-in-time_877/index.html
124,https://books.toscrape.com/catalogue/a-flight-of-arrows-the-pathfinders-2_876/index.html
125,https://books.toscrape.com/catalogue/a-fierce-and-subtle-poison_875/index.html
126,https://books.toscrape.com/catalogue/a-court-of-thorns-and-roses-a-court-of-thorns-and-roses-1_874/index.html
127,https://books.toscrape.com/catalogue/unqualified-how-god-uses-broken-people-to-do-big-things_873/index.html
128,https://books.toscrape.com/catalogue/you-are-what-you-love-the-spiritual-power-of-habit_872/index.html
129,https://books.toscrape.com/catalogue/william-shakespeares-star-wars-verily-a-new-hope-william-shakespeares-star-wars-4_871/index.html
130,https://books.toscrape.com/catalogue/tuesday-nights-in-1980_870/index.html
131,https://books.toscrape.com/catalogue/tracing-numbers-on-a-train_869/index.html
132,https://books.toscrape.com/catalogue/throne-of-glass-throne-of-glass-1_868/index.html
133,https://books.toscrape.com/catalogue/thomas-jefferson-and-the-tripoli-pirates-the-forgotten-war-that-changed-american-history_867/index.html
134,https://books.toscrape.com/catalogue/thirteen-reasons-why_866/index.html
135,https://books.toscrape.com/catalogue/the-white-cat-and-the-monk-a-retelling-of-the-poem-pangur-ban_865/index.html
136,https://books.toscrape.com/catalogue/the-wedding-dress_864/index.html
137,https://books.toscrape.com/catalogue/the-vacationers_863/index.html
138,https://books.toscrape.com/catalogue/the-third-wave-an-entrepreneurs-vision-of-the-future_862/index.html
139,https://books.toscrape.com/catalogue/the-stranger_861/index.html
140,https://books.toscrape.com/catalogue/the-shadow-hero-the-shadow-hero_860/index.html
141,https://books.toscrape.com/catalogue/the-secret-the-secret-1_859/index.html
142,https://books.toscrape.com/catalogue/the-regional-office-is-under-attack_858/index.html
143,https://books.toscrape.com/catalogue/the-psychopath-test-a-journey-through-the-madness-industry_857/index.html
144,https://books.toscrape.com/catalogue/the-project_856/index.html
145,https://books.toscrape.com/catalogue/the-power-of-now-a-guide-to-spiritual-enlightenment_855/index.html
146,https://books.toscrape.com/catalogue/the-omnivores-dilemma-a-natural-history-of-four-meals_854/index.html
147,https://books.toscrape.com/catalogue/the-nerdy-nummies-cookbook-sweet-treats-for-the-geek-in-all-of-us_853/index.html
148,https://books.toscrape.com/catalogue/the-murder-of-roger-ackroyd-hercule-poirot-4_852/index.html
149,https://books.toscrape.com/catalogue/the-mistake-off-campus-2_851/index.html
150,https://books.toscrape.com/catalogue/the-matchmakers-playbook-wingmen-inc-1_850/index.html
151,https://books.toscrape.com/catalogue/the-love-and-lemons-cookbook-an-apple-to-zucchini-celebration-of-impromptu-cooking_849/index.html
152,https://books.toscrape.com/catalogue/the-long-shadow-of-small-ghosts-murder-and-memory-in-an-american-city_848/index.html
153,https://books.toscrape.com/catalogue/the-kite-runner_847/index.html
154,https://books.toscrape.com/catalogue/the-house-by-the-lake_846/index.html
155,https://books.toscrape.com/catalogue/the-glittering-court-the-glittering-court-1_845/index.html
156,https://books.toscrape.com/catalogue/the-girl-on-the-train_844/index.html
157,https://books.toscrape.com/catalogue/the-genius-of-birds_843/index.html
158,https://books.toscrape.com/catalogue/the-emerald-mystery_842/index.html
159,https://books.toscrape.com/catalogue/the-cookies-cups-cookbook-125-sweet-savory-recipes-reminding-you-to-always-eat-dessert-first_841/index.html
160,https://books.toscrape.com/catalogue/the-bridge-to-consciousness-im-writing-the-bridge-between-science-and-our-old-and-new-beliefs_840/index.html
161,https://books.toscrape.com/catalogue/the-artists-way-a-spiritual-path-to-higher-creativity_839/index.html
162,https://books.toscrape.com/catalogue/the-art-of-war_838/index.html
163,https://books.toscrape.com/catalogue/the-argonauts_837/index.html
164,https://books.toscrape.com/catalogue/the-10-entrepreneur-live-your-startup-dream-without-quitting-your-day-job_836/index.html
165,https://books.toscrape.com/catalogue/suddenly-in-love-lake-haven-1_835/index.html
166,https://books.toscrape.com/catalogue/something-more-than-this_834/index.html
167,https://books.toscrape.com/catalogue/soft-apocalypse_833/index.html
168,https://books.toscrape.com/catalogue/so-youve-been-publicly-shamed_832/index.html
169,https://books.toscrape.com/catalogue/shoe-dog-a-memoir-by-the-creator-of-nike_831/index.html
170,https://books.toscrape.com/catalogue/shobu-samurai-project-aryoku-3_830/index.html
171,https://books.toscrape.com/catalogue/secrets-and-lace-fatal-hearts-1_829/index.html
172,https://books.toscrape.com/catalogue/scarlett-epstein-hates-it-here_828/index.html
173,https://books.toscrape.com/catalogue/romero-and-juliet-a-tragic-tale-of-love-and-zombies_827/index.html
174,https://books.toscrape.com/catalogue/redeeming-love_826/index.html
175,https://books.toscrape.com/catalogue/poses-for-artists-volume-1-dynamic-and-sitting-poses-an-essential-reference-for-figure-drawing-and-the-human-form_825/index.html
176,https://books.toscrape.com/catalogue/poems-that-make-grown-women-cry_824/index.html
177,https://books.toscrape.com/catalogue/nightingale-sing_823/index.html
178,https://books.toscrape.com/catalogue/night-sky-with-exit-wounds_822/index.html
179,https://books.toscrape.com/catalogue/mrs-houdini_821/index.html
180,https://books.toscrape.com/catalogue/modern-romance_820/index.html
181,https://books.toscrape.com/catalogue/miss-peregrines-home-for-peculiar-children-miss-peregrines-peculiar-children-1_819/index.html
182,https://books.toscrape.com/catalogue/louisa-the-extraordinary-life-of-mrs-adams_818/index.html
183,https://books.toscrape.com/catalogue/little-red_817/index.html
184,https://books.toscrape.com/catalogue/library-of-souls-miss-peregrines-peculiar-children-3_816/index.html
185,https://books.toscrape.com/catalogue/large-print-heart-of-the-pride_815/index.html
186,https://books.toscrape.com/catalogue/i-had-a-nice-time-and-other-lies-how-to-find-love-sht-like-that_814/index.html
187,https://books.toscrape.com/catalogue/hollow-city-miss-peregrines-peculiar-children-2_813/index.html
188,https://books.toscrape.com/catalogue/grumbles_812/index.html
189,https://books.toscrape.com/catalogue/full-moon-over-noahs-ark-an-odyssey-to-mount-ararat-and-beyond_811/index.html
190,https://books.toscrape.com/catalogue/frostbite-vampire-academy-2_810/index.html
191,https://books.toscrape.com/catalogue/follow-you-home_809/index.html
192,https://books.toscrape.com/catalogue/first-steps-for-new-christians-print-edition_808/index.html
193,https://books.toscrape.com/catalogue/finders-keepers-bill-hodges-trilogy-2_807/index.html
194,https://books.toscrape.com/catalogue/fables-vol-1-legends-in-exile-fables-1_806/index.html
195,https://books.toscrape.com/catalogue/eureka-trivia-60_805/index.html
196,https://books.toscrape.com/catalogue/drive-the-surprising-truth-about-what-motivates-us_804/index.html
197,https://books.toscrape.com/catalogue/done-rubbed-out-reightman-bailey-1_803/index.html
198,https://books.toscrape.com/catalogue/doing-it-over-most-likely-to-1_802/index.html
199,https://books.toscrape.com/catalogue/deliciously-ella-every-day-quick-and-easy-recipes-for-gluten-free-snacks-packed-lunches-and-simple-meals_801/index.html
200,https://books.toscrape.com/catalogue/dark-notes_800/index.html
201,https://books.toscrape.com/catalogue/daring-greatly-how-the-courage-to-be-vulnerable-transforms-the-way-we-live-love-parent-and-lead_799/index.html
202,https://books.toscrape.com/catalogue/close-to-you_798/index.html
203,https://books.toscrape.com/catalogue/chasing-heaven-what-dying-taught-me-about-living_797/index.html
204,https://books.toscrape.com/catalogue/big-magic-creative-living-beyond-fear_796/index.html
205,https://books.toscrape.com/catalogue/becoming-wise-an-inquiry-into-the-mystery-and-art-of-living_795/index.html
206,https://books.toscrape.com/catalogue/beauty-restored-riley-family-legacy-novellas-3_794/index.html
207,https://books.toscrape.com/catalogue/batman-the-long-halloween-batman_793/index.html
208,https://books.toscrape.com/catalogue/batman-the-dark-knight-returns-batman_792/index.html
209,https://books.toscrape.com/catalogue/ayumis-violin_791/index.html
210,https://books.toscrape.com/catalogue/anonymous_790/index.html
211,https://books.toscrape.com/catalogue/amy-meets-the-saints-and-sages_789/index.html
212,https://books.toscrape.com/catalogue/amid-the-chaos_788/index.html
213,https://books.toscrape.com/catalogue/amatus_787/index.html
214,https://books.toscrape.com/catalogue/agnostic-a-spirited-manifesto_786/index.html
215,https://books.toscrape.com/catalogue/zealot-the-life-and-times-of-jesus-of-nazareth_785/index.html
216,https://books.toscrape.com/catalogue/you-you-1_784/index.html
217,https://books.toscrape.com/catalogue/wonder-woman-earth-one-volume-one-wonder-woman-earth-one-1_783/index.html
218,https://books.toscrape.com/catalogue/wild-swans_782/index.html
219,https://books.toscrape.com/catalogue/why-the-right-went-wrong-conservatism-from-goldwater-to-the-tea-party-and-beyond_781/index.html
220,https://books.toscrape.com/catalogue/whole-lotta-creativity-going-on-60-fun-and-unusual-exercises-to-awaken-and-strengthen-your-creativity_780/index.html
221,https://books.toscrape.com/catalogue/whats-it-like-in-space-stories-from-astronauts-whove-been-there_779/index.html
222,https://books.toscrape.com/catalogue/we-are-robin-vol-1-the-vigilante-business-we-are-robin-1_778/index.html
223,https://books.toscrape.com/catalogue/walt-disneys-alice-in-wonderland_777/index.html
224,https://books.toscrape.com/catalogue/v-for-vendetta-v-for-vendetta-complete_776/index.html
225,https://books.toscrape.com/catalogue/until-friday-night-the-field-party-1_775/index.html
226,https://books.toscrape.com/catalogue/unbroken-a-world-war-ii-story-of-survival-resilience-and-redemption_774/index.html
227,https://books.toscrape.com/catalogue/twenty-yawns_773/index.html
228,https://books.toscrape.com/catalogue/through-the-woods_772/index.html
229,https://books.toscrape.com/catalogue/this-is-where-it-ends_771/index.html
230,https://books.toscrape.com/catalogue/the-year-of-magical-thinking_770/index.html
231,https://books.toscrape.com/catalogue/the-wright-brothers_769/index.html
232,https://books.toscrape.com/catalogue/the-white-queen-the-cousins-war-1_768/index.html
233,https://books.toscrape.com/catalogue/the-wedding-pact-the-omalleys-2_767/index.html
234,https://books.toscrape.com/catalogue/the-time-keeper_766/index.html
235,https://books.toscrape.com/catalogue/the-testament-of-mary_765/index.html
236,https://books.toscrape.com/catalogue/the-star-touched-queen_764/index.html
237,https://books.toscrape.com/catalogue/the-songs-of-the-gods_763/index.html
238,https://books.toscrape.com/catalogue/the-song-of-achilles_762/index.html
239,https://books.toscrape.com/catalogue/the-rosie-project-don-tillman-1_761/index.html
240,https://books.toscrape.com/catalogue/the-power-of-habit-why-we-do-what-we-do-in-life-and-business_760/index.html
241,https://books.toscrape.com/catalogue/the-marriage-of-opposites_759/index.html
242,https://books.toscrape.com/catalogue/the-lucifer-effect-understanding-how-good-people-turn-evil_758/index.html
243,https://books.toscrape.com/catalogue/the-long-haul-diary-of-a-wimpy-kid-9_757/index.html
244,https://books.toscrape.com/catalogue/the-loney_756/index.html
245,https://books.toscrape.com/catalogue/the-literature-book-big-ideas-simply-explained_755/index.html
246,https://books.toscrape.com/catalogue/the-last-mile-amos-decker-2_754/index.html
247,https://books.toscrape.com/catalogue/the-immortal-life-of-henrietta-lacks_753/index.html
248,https://books.toscrape.com/catalogue/the-hidden-oracle-the-trials-of-apollo-1_752/index.html
249,https://books.toscrape.com/catalogue/the-help-yourself-cookbook-for-kids-60-easy-plant-based-recipes-kids-can-make-to-stay-healthy-and-save-the-earth_751/index.html
250,https://books.toscrape.com/catalogue/the-guilty-will-robie-4_750/index.html
251,https://books.toscrape.com/catalogue/the-first-hostage-jb-collins-2_749/index.html
252,https://books.toscrape.com/catalogue/the-dovekeepers_748/index.html
253,https://books.toscrape.com/catalogue/the-darkest-lie_747/index.html
254,https://books.toscrape.com/catalogue/the-bane-chronicles-the-bane-chronicles-1-11_746/index.html
255,https://books.toscrape.com/catalogue/the-bad-ass-librarians-of-timbuktu-and-their-race-to-save-the-worlds-most-precious-manuscripts_745/index.html
256,https://books.toscrape.com/catalogue/the-14th-colony-cotton-malone-11_744/index.html
257,https://books.toscrape.com/catalogue/that-darkness-gardiner-and-renner-1_743/index.html
258,https://books.toscrape.com/catalogue/tastes-like-fear-di-marnie-rome-3_742/index.html
259,https://books.toscrape.com/catalogue/take-me-with-you_741/index.html
260,https://books.toscrape.com/catalogue/swell-a-year-of-waves_740/index.html
261,https://books.toscrape.com/catalogue/superman-vol-1-before-truth-superman-by-gene-luen-yang-1_739/index.html
262,https://books.toscrape.com/catalogue/still-life-with-bread-crumbs_738/index.html
263,https://books.toscrape.com/catalogue/steve-jobs_737/index.html
264,https://books.toscrape.com/catalogue/sorting-the-beef-from-the-bull-the-science-of-food-fraud-forensics_736/index.html
265,https://books.toscrape.com/catalogue/someone-like-you-the-harrisons-2_735/index.html
266,https://books.toscrape.com/catalogue/so-cute-it-hurts-vol-6-so-cute-it-hurts-6_734/index.html
267,https://books.toscrape.com/catalogue/shtum_733/index.html
268,https://books.toscrape.com/catalogue/see-america-a-celebration-of-our-national-parks-treasured-sites_732/index.html
269,https://books.toscrape.com/catalogue/salt_731/index.html
270,https://books.toscrape.com/catalogue/robin-war_730/index.html
271,https://books.toscrape.com/catalogue/red-hoodarsenal-vol-1-open-for-business-red-hoodarsenal-1_729/index.html
272,https://books.toscrape.com/catalogue/rain-fish_728/index.html
273,https://books.toscrape.com/catalogue/quarter-life-poetry-poems-for-the-young-broke-and-hangry_727/index.html
274,https://books.toscrape.com/catalogue/pet-sematary_726/index.html
275,https://books.toscrape.com/catalogue/overload-how-to-unplug-unwind-and-unleash-yourself-from-the-pressure-of-stress_725/index.html
276,https://books.toscrape.com/catalogue/once-was-a-time_724/index.html
277,https://books.toscrape.com/catalogue/old-school-diary-of-a-wimpy-kid-10_723/index.html
278,https://books.toscrape.com/catalogue/no-dream-is-too-high-life-lessons-from-a-man-who-walked-on-the-moon_722/index.html
279,https://books.toscrape.com/catalogue/naruto-3-in-1-edition-vol-14-includes-vols-40-41-42-naruto-omnibus-14_721/index.html
280,https://books.toscrape.com/catalogue/my-name-is-lucy-barton_720/index.html
281,https://books.toscrape.com/catalogue/my-mrs-brown_719/index.html
282,https://books.toscrape.com/catalogue/my-kind-of-crazy_718/index.html
283,https://books.toscrape.com/catalogue/mr-mercedes-bill-hodges-trilogy-1_717/index.html
284,https://books.toscrape.com/catalogue/more-than-music-chasing-the-dream-1_716/index.html
285,https://books.toscrape.com/catalogue/made-to-stick-why-some-ideas-survive-and-others-die_715/index.html
286,https://books.toscrape.com/catalogue/luis-paints-the-world_714/index.html
287,https://books.toscrape.com/catalogue/luckiest-girl-alive_713/index.html
288,https://books.toscrape.com/catalogue/lowriders-to-the-center-of-the-earth-lowriders-in-space-2_712/index.html
289,https://books.toscrape.com/catalogue/love-is-a-mix-tape-music-1_711/index.html
290,https://books.toscrape.com/catalogue/looking-for-lovely-collecting-the-moments-that-matter_710/index.html
291,https://books.toscrape.com/catalogue/living-leadership-by-insight-a-good-leader-achieves-a-great-leader-builds-monuments_709/index.html
292,https://books.toscrape.com/catalogue/let-it-out-a-journey-through-journaling_708/index.html
293,https://books.toscrape.com/catalogue/lady-midnight-the-dark-artifices-1_707/index.html
294,https://books.toscrape.com/catalogue/its-all-easy-healthy-delicious-weeknight-meals-in-under-30-minutes_706/index.html
295,https://books.toscrape.com/catalogue/island-of-dragons-unwanteds-7_705/index.html
296,https://books.toscrape.com/catalogue/i-know-what-im-doing-and-other-lies-i-tell-myself-dispatches-from-a-life-under-construction_704/index.html
297,https://books.toscrape.com/catalogue/i-am-pilgrim-pilgrim-1_703/index.html
298,https://books.toscrape.com/catalogue/hyperbole-and-a-half-unfortunate-situations-flawed-coping-mechanisms-mayhem-and-other-things-that-happened_702/index.html
299,https://books.toscrape.com/catalogue/hush-hush-hush-hush-1_701/index.html
300,https://books.toscrape.com/catalogue/hold-your-breath-search-and-rescue-1_700/index.html
301,https://books.toscrape.com/catalogue/hamilton-the-revolution_699/index.html
302,https://books.toscrape.com/catalogue/greek-mythic-history_698/index.html
303,https://books.toscrape.com/catalogue/god-the-most-unpleasant-character-in-all-fiction_697/index.html
304,https://books.toscrape.com/catalogue/glory-over-everything-beyond-the-kitchen-house_696/index.html
305,https://books.toscrape.com/catalogue/feathers-displays-of-brilliant-plumage_695/index.html
306,https://books.toscrape.com/catalogue/far-away-places-on-the-brink-of-change-seven-continents-twenty-five-years_694/index.html
307,https://books.toscrape.com/catalogue/every-last-word_693/index.html
308,https://books.toscrape.com/catalogue/eligible-the-austen-project-4_692/index.html
309,https://books.toscrape.com/catalogue/el-deafo_691/index.html
310,https://books.toscrape.com/catalogue/eight-hundred-grapes_690/index.html
311,https://books.toscrape.com/catalogue/eaternity-more-than-150-deliciously-easy-vegan-recipes-for-a-long-healthy-satisfied-joyful-life_689/index.html
312,https://books.toscrape.com/catalogue/eat-fat-get-thin_688/index.html
313,https://books.toscrape.com/catalogue/dont-get-caught_687/index.html
314,https://books.toscrape.com/catalogue/doctor-sleep-the-shining-2_686/index.html
315,https://books.toscrape.com/catalogue/demigods-magicians-percy-and-annabeth-meet-the-kanes-percy-jackson-kane-chronicles-crossover-1-3_685/index.html
316,https://books.toscrape.com/catalogue/dear-mr-knightley_684/index.html
317,https://books.toscrape.com/catalogue/daily-fantasy-sports_683/index.html
318,https://books.toscrape.com/catalogue/crazy-love-overwhelmed-by-a-relentless-god_682/index.html
319,https://books.toscrape.com/catalogue/cometh-the-hour-the-clifton-chronicles-6_681/index.html
320,https://books.toscrape.com/catalogue/code-name-verity-code-name-verity-1_680/index.html
321,https://books.toscrape.com/catalogue/clockwork-angel-the-infernal-devices-1_679/index.html
322,https://books.toscrape.com/catalogue/city-of-glass-the-mortal-instruments-3_678/index.html
323,https://books.toscrape.com/catalogue/city-of-fallen-angels-the-mortal-instruments-4_677/index.html
324,https://books.toscrape.com/catalogue/city-of-bones-the-mortal-instruments-1_676/index.html
325,https://books.toscrape.com/catalogue/city-of-ashes-the-mortal-instruments-2_675/index.html
326,https://books.toscrape.com/catalogue/cell_674/index.html
327,https://books.toscrape.com/catalogue/catching-jordan-hundred-oaks_673/index.html
328,https://books.toscrape.com/catalogue/carry-on-warrior-thoughts-on-life-unarmed_672/index.html
329,https://books.toscrape.com/catalogue/carrie_671/index.html
330,https://books.toscrape.com/catalogue/buying-in-the-secret-dialogue-between-what-we-buy-and-who-we-are_670/index.html
331,https://books.toscrape.com/catalogue/brain-on-fire-my-month-of-madness_669/index.html
332,https://books.toscrape.com/catalogue/batman-europa_668/index.html
333,https://books.toscrape.com/catalogue/barefoot-contessa-back-to-basics_667/index.html
334,https://books.toscrape.com/catalogue/barefoot-contessa-at-home-everyday-recipes-youll-make-over-and-over-again_666/index.html
335,https://books.toscrape.com/catalogue/balloon-animals_665/index.html
336,https://books.toscrape.com/catalogue/art-ops-vol-1_664/index.html
337,https://books.toscrape.com/catalogue/aristotle-and-dante-discover-the-secrets-of-the-universe-aristotle-and-dante-discover-the-secrets-of-the-universe-1_663/index.html
338,https://books.toscrape.com/catalogue/angels-walking-angels-walking-1_662/index.html
339,https://books.toscrape.com/catalogue/angels-demons-robert-langdon-1_661/index.html
340,https://books.toscrape.com/catalogue/all-the-light-we-cannot-see_660/index.html
341,https://books.toscrape.com/catalogue/adulthood-is-a-myth-a-sarahs-scribbles-collection_659/index.html
342,https://books.toscrape.com/catalogue/abstract-city_658/index.html
343,https://books.toscrape.com/catalogue/a-time-of-torment-charlie-parker-14_657/index.html
344,https://books.toscrape.com/catalogue/a-study-in-scarlet-sherlock-holmes-1_656/index.html
345,https://books.toscrape.com/catalogue/a-series-of-catastrophes-and-miracles-a-true-story-of-love-science-and-cancer_655/index.html
346,https://books.toscrape.com/catalogue/a-peoples-history-of-the-united-states_654/index.html
347,https://books.toscrape.com/catalogue/a-man-called-ove_653/index.html
348,https://books.toscrape.com/catalogue/a-distant-mirror-the-calamitous-14th-century_652/index.html
349,https://books.toscrape.com/catalogue/a-brush-of-wings-angels-walking-3_651/index.html
350,https://books.toscrape.com/catalogue/1491-new-revelations-of-the-americas-before-columbus_650/index.html
351,https://books.toscrape.com/catalogue/the-three-searches-meaning-and-the-story_649/index.html
352,https://books.toscrape.com/catalogue/searching-for-meaning-in-gailana_648/index.html
353,https://books.toscrape.com/catalogue/rook_647/index.html
354,https://books.toscrape.com/catalogue/my-kitchen-year-136-recipes-that-saved-my-life_646/index.html
355,https://books.toscrape.com/catalogue/13-hours-the-inside-account-of-what-really-happened-in-benghazi_645/index.html
356,https://books.toscrape.com/catalogue/will-you-wont-you-want-me_644/index.html
357,https://books.toscrape.com/catalogue/tipping-point-for-planet-earth-how-close-are-we-to-the-edge_643/index.html
358,https://books.toscrape.com/catalogue/the-star-touched-queen_642/index.html
359,https://books.toscrape.com/catalogue/the-silent-sister-riley-macpherson-1_641/index.html
360,https://books.toscrape.com/catalogue/the-midnight-watch-a-novel-of-the-titanic-and-the-californian_640/index.html
361,https://books.toscrape.com/catalogue/the-lonely-city-adventures-in-the-art-of-being-alone_639/index.html
362,https://books.toscrape.com/catalogue/the-gray-rhino-how-to-recognize-and-act-on-the-obvious-dangers-we-ignore_638/index.html
363,https://books.toscrape.com/catalogue/the-golden-condom-and-other-essays-on-love-lost-and-found_637/index.html
364,https://books.toscrape.com/catalogue/the-epidemic-the-program-06_636/index.html
365,https://books.toscrape.com/catalogue/the-dinner-party_635/index.html
366,https://books.toscrape.com/catalogue/the-diary-of-a-young-girl_634/index.html
367,https://books.toscrape.com/catalogue/the-children_633/index.html
368,https://books.toscrape.com/catalogue/stars-above-the-lunar-chronicles-45_632/index.html
369,https://books.toscrape.com/catalogue/snatched-how-a-drug-queen-went-undercover-for-the-dea-and-was-kidnapped-by-colombian-guerillas_631/index.html
370,https://books.toscrape.com/catalogue/raspberry-pi-electronics-projects-for-the-evil-genius_630/index.html
371,https://books.toscrape.com/catalogue/quench-your-own-thirst-business-lessons-learned-over-a-beer-or-two_629/index.html
372,https://books.toscrape.com/catalogue/psycho-sanitarium-psycho-15_628/index.html
373,https://books.toscrape.com/catalogue/poisonous-max-revere-novels-3_627/index.html
374,https://books.toscrape.com/catalogue/one-with-you-crossfire-5_626/index.html
375,https://books.toscrape.com/catalogue/no-love-allowed-dodge-cove-1_625/index.html
376,https://books.toscrape.com/catalogue/murder-at-the-42nd-street-library-raymond-ambler-1_624/index.html
377,https://books.toscrape.com/catalogue/most-wanted_623/index.html
378,https://books.toscrape.com/catalogue/love-lies-and-spies_622/index.html
379,https://books.toscrape.com/catalogue/how-to-speak-golf-an-illustrated-guide-to-links-lingo_621/index.html
380,https://books.toscrape.com/catalogue/hide-away-eve-duncan-20_620/index.html
381,https://books.toscrape.com/catalogue/furiously-happy-a-funny-book-about-horrible-things_619/index.html
382,https://books.toscrape.com/catalogue/everyday-italian-125-simple-and-delicious-recipes_618/index.html
383,https://books.toscrape.com/catalogue/equal-is-unfair-americas-misguided-fight-against-income-inequality_617/index.html
384,https://books.toscrape.com/catalogue/eleanor-park_616/index.html
385,https://books.toscrape.com/catalogue/dirty-dive-bar-1_615/index.html
386,https://books.toscrape.com/catalogue/can-you-keep-a-secret-fear-street-relaunch-4_614/index.html
387,https://books.toscrape.com/catalogue/boar-island-anna-pigeon-19_613/index.html
388,https://books.toscrape.com/catalogue/a-paris-apartment_612/index.html
389,https://books.toscrape.com/catalogue/a-la-mode-120-recipes-in-60-pairings-pies-tarts-cakes-crisps-and-more-topped-with-ice-cream-gelato-frozen-custard-and-more_611/index.html
390,https://books.toscrape.com/catalogue/troublemaker-surviving-hollywood-and-scientology_610/index.html
391,https://books.toscrape.com/catalogue/the-widow_609/index.html
392,https://books.toscrape.com/catalogue/the-sleep-revolution-transforming-your-life-one-night-at-a-time_608/index.html
393,https://books.toscrape.com/catalogue/the-improbability-of-love_607/index.html
394,https://books.toscrape.com/catalogue/the-art-of-startup-fundraising_606/index.html
395,https://books.toscrape.com/catalogue/take-me-home-tonight-rock-star-romance-3_605/index.html
396,https://books.toscrape.com/catalogue/sleeping-giants-themis-files-1_604/index.html
397,https://books.toscrape.com/catalogue/setting-the-world-on-fire-the-brief-astonishing-life-of-st-catherine-of-siena_603/index.html
398,https://books.toscrape.com/catalogue/playing-with-fire_602/index.html
399,https://books.toscrape.com/catalogue/off-the-hook-fishing-for-trouble-1_601/index.html
400,https://books.toscrape.com/catalogue/mothering-sunday_600/index.html
401,https://books.toscrape.com/catalogue/mother-can-you-not_599/index.html
402,https://books.toscrape.com/catalogue/m-train_598/index.html
403,https://books.toscrape.com/catalogue/lilac-girls_597/index.html
404,https://books.toscrape.com/catalogue/lies-and-other-acts-of-love_596/index.html
405,https://books.toscrape.com/catalogue/lab-girl_595/index.html
406,https://books.toscrape.com/catalogue/keep-me-posted_594/index.html
407,https://books.toscrape.com/catalogue/it-didnt-start-with-you-how-inherited-family-trauma-shapes-who-we-are-and-how-to-end-the-cycle_593/index.html
408,https://books.toscrape.com/catalogue/grey-fifty-shades-4_592/index.html
409,https://books.toscrape.com/catalogue/exit-pursued-by-a-bear_591/index.html
410,https://books.toscrape.com/catalogue/daredevils_590/index.html
411,https://books.toscrape.com/catalogue/cravings-recipes-for-what-you-want-to-eat_589/index.html
412,https://books.toscrape.com/catalogue/born-for-this-how-to-find-the-work-you-were-meant-to-do_588/index.html
413,https://books.toscrape.com/catalogue/arena_587/index.html
414,https://books.toscrape.com/catalogue/adultery_586/index.html
415,https://books.toscrape.com/catalogue/a-mothers-reckoning-living-in-the-aftermath-of-tragedy_585/index.html
416,https://books.toscrape.com/catalogue/a-gentlemans-position-society-of-gentlemen-3_584/index.html
417,https://books.toscrape.com/catalogue/112263_583/index.html
418,https://books.toscrape.com/catalogue/10-happier-how-i-tamed-the-voice-in-my-head-reduced-stress-without-losing-my-edge-and-found-self-help-that-actually-works_582/index.html
419,https://books.toscrape.com/catalogue/10-day-green-smoothie-cleanse-lose-up-to-15-pounds-in-10-days_581/index.html
420,https://books.toscrape.com/catalogue/without-shame_580/index.html
421,https://books.toscrape.com/catalogue/watchmen_579/index.html
422,https://books.toscrape.com/catalogue/unlimited-intuition-now_578/index.html
423,https://books.toscrape.com/catalogue/underlying-notes_577/index.html
424,https://books.toscrape.com/catalogue/the-shack_576/index.html
425,https://books.toscrape.com/catalogue/the-new-brand-you-your-new-image-makes-the-sale-for-you_575/index.html
426,https://books.toscrape.com/catalogue/the-moosewood-cookbook-recipes-from-moosewood-restaurant-ithaca-new-york_574/index.html
427,https://books.toscrape.com/catalogue/the-flowers-lied_573/index.html
428,https://books.toscrape.com/catalogue/the-fabric-of-the-cosmos-space-time-and-the-texture-of-reality_572/index.html
429,https://books.toscrape.com/catalogue/the-book-of-mormon_571/index.html
430,https://books.toscrape.com/catalogue/the-art-and-science-of-low-carbohydrate-living_570/index.html
431,https://books.toscrape.com/catalogue/the-alien-club_569/index.html
432,https://books.toscrape.com/catalogue/suzie-snowflake-one-beautiful-flake-a-self-esteem-story_568/index.html
433,https://books.toscrape.com/catalogue/nap-a-roo_567/index.html
434,https://books.toscrape.com/catalogue/nano-what-now-finding-your-editing-process-revising-your-nanowrimo-book-and-building-a-writing-career-through-publishing-and-beyond_566/index.html
435,https://books.toscrape.com/catalogue/modern-day-fables_565/index.html
436,https://books.toscrape.com/catalogue/if-i-gave-you-gods-phone-number-searching-for-spirituality-in-america_564/index.html
437,https://books.toscrape.com/catalogue/fruits-basket-vol-9-fruits-basket-9_563/index.html
438,https://books.toscrape.com/catalogue/dress-your-family-in-corduroy-and-denim_562/index.html
439,https://books.toscrape.com/catalogue/dont-forget-steven_561/index.html
440,https://books.toscrape.com/catalogue/chernobyl-012340-the-incredible-true-story-of-the-worlds-worst-nuclear-disaster_560/index.html
441,https://books.toscrape.com/catalogue/art-and-fear-observations-on-the-perils-and-rewards-of-artmaking_559/index.html
442,https://books.toscrape.com/catalogue/a-shard-of-ice-the-black-symphony-saga-1_558/index.html
443,https://books.toscrape.com/catalogue/a-heros-curse-the-unseen-chronicles-1_557/index.html
444,https://books.toscrape.com/catalogue/23-degrees-south-a-tropical-tale-of-changing-whether_556/index.html
445,https://books.toscrape.com/catalogue/zero-to-one-notes-on-startups-or-how-to-build-the-future_555/index.html
446,https://books.toscrape.com/catalogue/why-not-me_554/index.html
447,https://books.toscrape.com/catalogue/when-breath-becomes-air_553/index.html
448,https://books.toscrape.com/catalogue/vagabonding-an-uncommon-guide-to-the-art-of-long-term-world-travel_552/index.html
449,https://books.toscrape.com/catalogue/the-unlikely-pilgrimage-of-harold-fry-harold-fry-1_551/index.html
450,https://books.toscrape.com/catalogue/the-new-drawing-on-the-right-side-of-the-brain_550/index.html
451,https://books.toscrape.com/catalogue/the-midnight-assassin-panic-scandal-and-the-hunt-for-americas-first-serial-killer_549/index.html
452,https://books.toscrape.com/catalogue/the-martian-the-martian-1_548/index.html
453,https://books.toscrape.com/catalogue/the-high-mountains-of-portugal_547/index.html
454,https://books.toscrape.com/catalogue/the-grownup_546/index.html
455,https://books.toscrape.com/catalogue/the-e-myth-revisited-why-most-small-businesses-dont-work-and-what-to-do-about-it_545/index.html
456,https://books.toscrape.com/catalogue/south-of-sunshine_544/index.html
457,https://books.toscrape.com/catalogue/smarter-faster-better-the-secrets-of-being-productive-in-life-and-business_543/index.html
458,https://books.toscrape.com/catalogue/silence-in-the-dark-logan-point-4_542/index.html
459,https://books.toscrape.com/catalogue/shadows-of-the-past-logan-point-1_541/index.html
460,https://books.toscrape.com/catalogue/roller-girl_540/index.html
461,https://books.toscrape.com/catalogue/rising-strong_539/index.html
462,https://books.toscrape.com/catalogue/proofs-of-god-classical-arguments-from-tertullian-to-barth_538/index.html
463,https://books.toscrape.com/catalogue/please-kill-me-the-uncensored-oral-history-of-punk_537/index.html
464,https://books.toscrape.com/catalogue/out-of-print-city-lights-spotlight-no-14_536/index.html
465,https://books.toscrape.com/catalogue/my-life-next-door-my-life-next-door_535/index.html
466,https://books.toscrape.com/catalogue/millers-valley_534/index.html
467,https://books.toscrape.com/catalogue/mans-search-for-meaning_533/index.html
468,https://books.toscrape.com/catalogue/love-that-boy-what-two-presidents-eight-road-trips-and-my-son-taught-me-about-a-parents-expectations_532/index.html
469,https://books.toscrape.com/catalogue/living-forward-a-proven-plan-to-stop-drifting-and-get-the-life-you-want_531/index.html
470,https://books.toscrape.com/catalogue/les-fleurs-du-mal_530/index.html
471,https://books.toscrape.com/catalogue/left-behind-left-behind-1_529/index.html
472,https://books.toscrape.com/catalogue/kill-em-and-leave-searching-for-james-brown-and-the-american-soul_528/index.html
473,https://books.toscrape.com/catalogue/kierkegaard-a-christian-missionary-to-christians_527/index.html
474,https://books.toscrape.com/catalogue/john-vassos-industrial-design-for-modern-life_526/index.html
475,https://books.toscrape.com/catalogue/ill-give-you-the-sun_525/index.html
476,https://books.toscrape.com/catalogue/i-will-find-you_524/index.html
477,https://books.toscrape.com/catalogue/hystopia-a-novel_523/index.html
478,https://books.toscrape.com/catalogue/howl-and-other-poems_522/index.html
479,https://books.toscrape.com/catalogue/history-of-beauty_521/index.html
480,https://books.toscrape.com/catalogue/heaven-is-for-real-a-little-boys-astounding-story-of-his-trip-to-heaven-and-back_520/index.html
481,https://books.toscrape.com/catalogue/future-shock-future-shock-1_519/index.html
482,https://books.toscrape.com/catalogue/enders-game-the-ender-quintet-1_518/index.html
483,https://books.toscrape.com/catalogue/diary-of-a-citizen-scientist-chasing-tiger-beetles-and-other-new-ways-of-engaging-the-world_517/index.html
484,https://books.toscrape.com/catalogue/death-by-leisure-a-cautionary-tale_516/index.html
485,https://books.toscrape.com/catalogue/brilliant-beacons-a-history-of-the-american-lighthouse_515/index.html
486,https://books.toscrape.com/catalogue/brazen-the-courage-to-find-the-you-thats-been-hiding_514/index.html
487,https://books.toscrape.com/catalogue/between-the-world-and-me_513/index.html
488,https://books.toscrape.com/catalogue/being-mortal-medicine-and-what-matters-in-the-end_512/index.html
489,https://books.toscrape.com/catalogue/a-murder-over-a-girl-justice-gender-junior-high_511/index.html
490,https://books.toscrape.com/catalogue/32-yolks_510/index.html
491,https://books.toscrape.com/catalogue/most-blessed-of-the-patriarchs-thomas-jefferson-and-the-empire-of-the-imagination_509/index.html
492,https://books.toscrape.com/catalogue/you-are-a-badass-how-to-stop-doubting-your-greatness-and-start-living-an-awesome-life_508/index.html
493,https://books.toscrape.com/catalogue/wildlife-of-new-york-a-five-borough-coloring-book_507/index.html
494,https://books.toscrape.com/catalogue/what-happened-on-beale-street-secrets-of-the-south-mysteries-2_506/index.html
495,https://books.toscrape.com/catalogue/unreasonable-hope-finding-faith-in-the-god-who-brings-purpose-to-your-pain_505/index.html
496,https://books.toscrape.com/catalogue/under-the-tuscan-sun_504/index.html
497,https://books.toscrape.com/catalogue/toddlers-are-aholes-its-not-your-fault_503/index.html
498,https://books.toscrape.com/catalogue/the-year-of-living-biblically-one-mans-humble-quest-to-follow-the-bible-as-literally-as-possible_502/index.html
499,https://books.toscrape.com/catalogue/the-whale_501/index.html
500,https://books.toscrape.com/catalogue/the-story-of-art_500/index.html
501,https://books.toscrape.com/catalogue/the-origin-of-species_499/index.html
502,https://books.toscrape.com/catalogue/the-great-gatsby_498/index.html
503,https://books.toscrape.com/catalogue/the-good-girl_497/index.html
504,https://books.toscrape.com/catalogue/the-glass-castle_496/index.html
505,https://books.toscrape.com/catalogue/the-faith-of-christopher-hitchens-the-restless-soul-of-the-worlds-most-notorious-atheist_495/index.html
506,https://books.toscrape.com/catalogue/the-drowning-girls_494/index.html
507,https://books.toscrape.com/catalogue/the-constant-princess-the-tudor-court-1_493/index.html
508,https://books.toscrape.com/catalogue/the-bourne-identity-jason-bourne-1_492/index.html
509,https://books.toscrape.com/catalogue/the-bachelor-girls-guide-to-murder-herringford-and-watts-mysteries-1_491/index.html
510,https://books.toscrape.com/catalogue/the-art-book_490/index.html
511,https://books.toscrape.com/catalogue/the-7-habits-of-highly-effective-people-powerful-lessons-in-personal-change_489/index.html
512,https://books.toscrape.com/catalogue/team-of-rivals-the-political-genius-of-abraham-lincoln_488/index.html
513,https://books.toscrape.com/catalogue/steal-like-an-artist-10-things-nobody-told-you-about-being-creative_487/index.html
514,https://books.toscrape.com/catalogue/sit-stay-love_486/index.html
515,https://books.toscrape.com/catalogue/sister-dear_485/index.html
516,https://books.toscrape.com/catalogue/shrunken-treasures-literary-classics-short-sweet-and-silly_484/index.html
517,https://books.toscrape.com/catalogue/rich-dad-poor-dad_483/index.html
518,https://books.toscrape.com/catalogue/raymie-nightingale_482/index.html
519,https://books.toscrape.com/catalogue/playing-from-the-heart_481/index.html
520,https://books.toscrape.com/catalogue/nightstruck-a-novel_480/index.html
521,https://books.toscrape.com/catalogue/naturally-lean-125-nourishing-gluten-free-plant-based-recipes-all-under-300-calories_479/index.html
522,https://books.toscrape.com/catalogue/meternity_478/index.html
523,https://books.toscrape.com/catalogue/memoirs-of-a-geisha_477/index.html
524,https://books.toscrape.com/catalogue/like-never-before-walker-family-2_476/index.html
525,https://books.toscrape.com/catalogue/life-of-pi_475/index.html
526,https://books.toscrape.com/catalogue/leave-this-song-behind-teen-poetry-at-its-best_474/index.html
527,https://books.toscrape.com/catalogue/kings-folly-the-kinsman-chronicles-1_473/index.html
528,https://books.toscrape.com/catalogue/john-adams_472/index.html
529,https://books.toscrape.com/catalogue/how-to-cook-everything-vegetarian-simple-meatless-recipes-for-great-food-how-to-cook-everything_471/index.html
530,https://books.toscrape.com/catalogue/how-to-be-a-domestic-goddess-baking-and-the-art-of-comfort-cooking_470/index.html
531,https://books.toscrape.com/catalogue/good-in-bed-cannie-shapiro-1_469/index.html
532,https://books.toscrape.com/catalogue/fruits-basket-vol-7-fruits-basket-7_468/index.html
533,https://books.toscrape.com/catalogue/for-the-love-fighting-for-grace-in-a-world-of-impossible-standards_467/index.html
534,https://books.toscrape.com/catalogue/finding-god-in-the-ruins-how-god-redeems-pain_466/index.html
535,https://books.toscrape.com/catalogue/every-heart-a-doorway-every-heart-a-doorway-1_465/index.html
536,https://books.toscrape.com/catalogue/delivering-the-truth-quaker-midwife-mystery-1_464/index.html
537,https://books.toscrape.com/catalogue/counted-with-the-stars-out-from-egypt-1_463/index.html
538,https://books.toscrape.com/catalogue/chronicles-vol-1_462/index.html
539,https://books.toscrape.com/catalogue/blue-like-jazz-nonreligious-thoughts-on-christian-spirituality_461/index.html
540,https://books.toscrape.com/catalogue/benjamin-franklin-an-american-life_460/index.html
541,https://books.toscrape.com/catalogue/at-the-existentialist-cafe-freedom-being-and-apricot-cocktails-with-jean-paul-sartre-simone-de-beauvoir-albert-camus-martin-heidegger-edmund-husserl-karl-jaspers-maurice-merleau-ponty-and-others_459/index.html
542,https://books.toscrape.com/catalogue/a-summer-in-europe_458/index.html
543,https://books.toscrape.com/catalogue/a-short-history-of-nearly-everything_457/index.html
544,https://books.toscrape.com/catalogue/a-gathering-of-shadows-shades-of-magic-2_456/index.html
545,https://books.toscrape.com/catalogue/the-sound-of-love_455/index.html
546,https://books.toscrape.com/catalogue/the-rise-and-fall-of-the-third-reich-a-history-of-nazi-germany_454/index.html
547,https://books.toscrape.com/catalogue/the-perks-of-being-a-wallflower_453/index.html
548,https://books.toscrape.com/catalogue/the-mysterious-affair-at-styles-hercule-poirot-1_452/index.html
549,https://books.toscrape.com/catalogue/the-man-who-mistook-his-wife-for-a-hat-and-other-clinical-tales_451/index.html
550,https://books.toscrape.com/catalogue/the-makings-of-a-fatherless-child_450/index.html
551,https://books.toscrape.com/catalogue/the-joy-of-cooking_449/index.html
552,https://books.toscrape.com/catalogue/the-invention-of-wings_448/index.html
553,https://books.toscrape.com/catalogue/the-hobbit-middle-earth-universe_447/index.html
554,https://books.toscrape.com/catalogue/the-great-railway-bazaar_446/index.html
555,https://books.toscrape.com/catalogue/the-golden-compass-his-dark-materials-1_445/index.html
556,https://books.toscrape.com/catalogue/the-god-delusion_444/index.html
557,https://books.toscrape.com/catalogue/the-girl-you-left-behind-the-girl-you-left-behind-1_443/index.html
558,https://books.toscrape.com/catalogue/the-fellowship-of-the-ring-the-lord-of-the-rings-1_442/index.html
559,https://books.toscrape.com/catalogue/the-collected-poems-of-wb-yeats-the-collected-works-of-wb-yeats-1_441/index.html
560,https://books.toscrape.com/catalogue/the-barefoot-contessa-cookbook_440/index.html
561,https://books.toscrape.com/catalogue/tell-the-wolves-im-home_439/index.html
562,https://books.toscrape.com/catalogue/ship-leaves-harbor-essays-on-travel-by-a-recovering-journeyman_438/index.html
563,https://books.toscrape.com/catalogue/pride-and-prejudice_437/index.html
564,https://books.toscrape.com/catalogue/musicophilia-tales-of-music-and-the-brain_436/index.html
565,https://books.toscrape.com/catalogue/mere-christianity_435/index.html
566,https://books.toscrape.com/catalogue/me-before-you-me-before-you-1_434/index.html
567,https://books.toscrape.com/catalogue/in-the-woods-dublin-murder-squad-1_433/index.html
568,https://books.toscrape.com/catalogue/in-cold-blood_432/index.html
569,https://books.toscrape.com/catalogue/how-to-stop-worrying-and-start-living_431/index.html
570,https://books.toscrape.com/catalogue/give-it-back_430/index.html
571,https://books.toscrape.com/catalogue/girl-interrupted_429/index.html
572,https://books.toscrape.com/catalogue/fun-home-a-family-tragicomic_428/index.html
573,https://books.toscrape.com/catalogue/fruits-basket-vol-6-fruits-basket-6_427/index.html
574,https://books.toscrape.com/catalogue/deception-point_426/index.html
575,https://books.toscrape.com/catalogue/death-note-vol-6-give-and-take-death-note-6_425/index.html
576,https://books.toscrape.com/catalogue/catherine-the-great-portrait-of-a-woman_424/index.html
577,https://books.toscrape.com/catalogue/better-homes-and-gardens-new-cook-book_423/index.html
578,https://books.toscrape.com/catalogue/an-unquiet-mind-a-memoir-of-moods-and-madness_422/index.html
579,https://books.toscrape.com/catalogue/a-year-in-provence-provence-1_421/index.html
580,https://books.toscrape.com/catalogue/world-without-end-the-pillars-of-the-earth-2_420/index.html
581,https://books.toscrape.com/catalogue/will-grayson-will-grayson-will-grayson-will-grayson_419/index.html
582,https://books.toscrape.com/catalogue/why-save-the-bankers-and-other-essays-on-our-economic-and-political-crisis_418/index.html
583,https://books.toscrape.com/catalogue/where-she-went-if-i-stay-2_417/index.html
584,https://books.toscrape.com/catalogue/what-if-serious-scientific-answers-to-absurd-hypothetical-questions_416/index.html
585,https://books.toscrape.com/catalogue/two-summers_415/index.html
586,https://books.toscrape.com/catalogue/this-is-your-brain-on-music-the-science-of-a-human-obsession_414/index.html
587,https://books.toscrape.com/catalogue/the-secret-garden_413/index.html
588,https://books.toscrape.com/catalogue/the-raven-king-the-raven-cycle-4_412/index.html
589,https://books.toscrape.com/catalogue/the-raven-boys-the-raven-cycle-1_411/index.html
590,https://books.toscrape.com/catalogue/the-power-greens-cookbook-140-delicious-superfood-recipes_410/index.html
591,https://books.toscrape.com/catalogue/the-metamorphosis_409/index.html
592,https://books.toscrape.com/catalogue/the-mathews-men-seven-brothers-and-the-war-against-hitlers-u-boats_408/index.html
593,https://books.toscrape.com/catalogue/the-little-paris-bookshop_407/index.html
594,https://books.toscrape.com/catalogue/the-hiding-place_406/index.html
595,https://books.toscrape.com/catalogue/the-grand-design_405/index.html
596,https://books.toscrape.com/catalogue/the-firm_404/index.html
597,https://books.toscrape.com/catalogue/the-fault-in-our-stars_403/index.html
598,https://books.toscrape.com/catalogue/the-false-prince-the-ascendance-trilogy-1_402/index.html
599,https://books.toscrape.com/catalogue/the-expatriates_401/index.html
600,https://books.toscrape.com/catalogue/the-dream-thieves-the-raven-cycle-2_400/index.html
601,https://books.toscrape.com/catalogue/the-darkest-corners_399/index.html
602,https://books.toscrape.com/catalogue/the-crossover_398/index.html
603,https://books.toscrape.com/catalogue/the-5th-wave-the-5th-wave-1_397/index.html
604,https://books.toscrape.com/catalogue/tell-the-wind-and-fire_396/index.html
605,https://books.toscrape.com/catalogue/tell-me-three-things_395/index.html
606,https://books.toscrape.com/catalogue/talking-to-girls-about-duran-duran-one-young-mans-quest-for-true-love-and-a-cooler-haircut_394/index.html
607,https://books.toscrape.com/catalogue/siddhartha_393/index.html
608,https://books.toscrape.com/catalogue/shiver-the-wolves-of-mercy-falls-1_392/index.html
609,https://books.toscrape.com/catalogue/remember-me_391/index.html
610,https://books.toscrape.com/catalogue/red-dragon-hannibal-lecter-1_390/index.html
611,https://books.toscrape.com/catalogue/peak-secrets-from-the-new-science-of-expertise_389/index.html
612,https://books.toscrape.com/catalogue/my-mother-was-nuts_388/index.html
613,https://books.toscrape.com/catalogue/mexican-today-new-and-rediscovered-recipes-for-contemporary-kitchens_387/index.html
614,https://books.toscrape.com/catalogue/maybe-something-beautiful-how-art-transformed-a-neighborhood_386/index.html
615,https://books.toscrape.com/catalogue/lola-and-the-boy-next-door-anna-and-the-french-kiss-2_385/index.html
616,https://books.toscrape.com/catalogue/logan-kade-fallen-crest-high-55_384/index.html
617,https://books.toscrape.com/catalogue/last-one-home-new-beginnings-1_383/index.html
618,https://books.toscrape.com/catalogue/killing-floor-jack-reacher-1_382/index.html
619,https://books.toscrape.com/catalogue/kill-the-boy-band_381/index.html
620,https://books.toscrape.com/catalogue/isla-and-the-happily-ever-after-anna-and-the-french-kiss-3_380/index.html
621,https://books.toscrape.com/catalogue/if-i-stay-if-i-stay-1_379/index.html
622,https://books.toscrape.com/catalogue/i-know-why-the-caged-bird-sings-maya-angelous-autobiography-1_378/index.html
623,https://books.toscrape.com/catalogue/harry-potter-and-the-deathly-hallows-harry-potter-7_377/index.html
624,https://books.toscrape.com/catalogue/fruits-basket-vol-5-fruits-basket-5_376/index.html
625,https://books.toscrape.com/catalogue/foundation-foundation-publication-order-1_375/index.html
626,https://books.toscrape.com/catalogue/fool-me-once_374/index.html
627,https://books.toscrape.com/catalogue/find-her-detective-dd-warren-8_373/index.html
628,https://books.toscrape.com/catalogue/evicted-poverty-and-profit-in-the-american-city_372/index.html
629,https://books.toscrape.com/catalogue/drama_371/index.html
630,https://books.toscrape.com/catalogue/dracula-the-un-dead_370/index.html
631,https://books.toscrape.com/catalogue/digital-fortress_369/index.html
632,https://books.toscrape.com/catalogue/death-note-vol-5-whiteout-death-note-5_368/index.html
633,https://books.toscrape.com/catalogue/data-a-love-story-how-i-gamed-online-dating-to-meet-my-match_367/index.html
634,https://books.toscrape.com/catalogue/critique-of-pure-reason_366/index.html
635,https://books.toscrape.com/catalogue/booked_365/index.html
636,https://books.toscrape.com/catalogue/blue-lily-lily-blue-the-raven-cycle-3_364/index.html
637,https://books.toscrape.com/catalogue/approval-junkie-adventures-in-caring-too-much_363/index.html
638,https://books.toscrape.com/catalogue/an-abundance-of-katherines_362/index.html
639,https://books.toscrape.com/catalogue/americas-war-for-the-greater-middle-east-a-military-history_361/index.html
640,https://books.toscrape.com/catalogue/alight-the-generations-trilogy-2_360/index.html
641,https://books.toscrape.com/catalogue/a-girls-guide-to-moving-on-new-beginnings-2_359/index.html
642,https://books.toscrape.com/catalogue/a-game-of-thrones-a-song-of-ice-and-fire-1_358/index.html
643,https://books.toscrape.com/catalogue/a-feast-for-crows-a-song-of-ice-and-fire-4_357/index.html
644,https://books.toscrape.com/catalogue/a-clash-of-kings-a-song-of-ice-and-fire-2_356/index.html
645,https://books.toscrape.com/catalogue/vogue-colors-a-to-z-a-fashion-coloring-book_355/index.html
646,https://books.toscrape.com/catalogue/the-shining-the-shining-1_354/index.html
647,https://books.toscrape.com/catalogue/the-pilgrims-progress_353/index.html
648,https://books.toscrape.com/catalogue/the-perfect-play-play-by-play-1_352/index.html
649,https://books.toscrape.com/catalogue/the-passion-of-dolssa_351/index.html
650,https://books.toscrape.com/catalogue/the-jazz-of-physics-the-secret-link-between-music-and-the-structure-of-the-universe_350/index.html
651,https://books.toscrape.com/catalogue/the-hunger-games-the-hunger-games-1_349/index.html
652,https://books.toscrape.com/catalogue/the-hound-of-the-baskervilles-sherlock-holmes-5_348/index.html
653,https://books.toscrape.com/catalogue/the-gunning-of-america-business-and-the-making-of-american-gun-culture_347/index.html
654,https://books.toscrape.com/catalogue/the-geography-of-bliss-one-grumps-search-for-the-happiest-places-in-the-world_346/index.html
655,https://books.toscrape.com/catalogue/the-demonists-demonist-1_345/index.html
656,https://books.toscrape.com/catalogue/the-demon-prince-of-momochi-house-vol-4-the-demon-prince-of-momochi-house-4_344/index.html
657,https://books.toscrape.com/catalogue/the-bone-hunters-lexy-vaughan-steven-macaulay-2_343/index.html
658,https://books.toscrape.com/catalogue/the-beast-black-dagger-brotherhood-14_342/index.html
659,https://books.toscrape.com/catalogue/some-women_341/index.html
660,https://books.toscrape.com/catalogue/shopaholic-ties-the-knot-shopaholic-3_340/index.html
661,https://books.toscrape.com/catalogue/paper-and-fire-the-great-library-2_339/index.html
662,https://books.toscrape.com/catalogue/outlander-outlander-1_338/index.html
663,https://books.toscrape.com/catalogue/orchestra-of-exiles-the-story-of-bronislaw-huberman-the-israel-philharmonic-and-the-one-thousand-jews-he-saved-from-nazi-horrors_337/index.html
664,https://books.toscrape.com/catalogue/no-one-here-gets-out-alive_336/index.html
665,https://books.toscrape.com/catalogue/night-shift-night-shift-1-20_335/index.html
666,https://books.toscrape.com/catalogue/needful-things_334/index.html
667,https://books.toscrape.com/catalogue/mockingjay-the-hunger-games-3_333/index.html
668,https://books.toscrape.com/catalogue/misery_332/index.html
669,https://books.toscrape.com/catalogue/little-women-little-women-1_331/index.html
670,https://books.toscrape.com/catalogue/it_330/index.html
671,https://books.toscrape.com/catalogue/harry-potter-and-the-sorcerers-stone-harry-potter-1_329/index.html
672,https://books.toscrape.com/catalogue/harry-potter-and-the-prisoner-of-azkaban-harry-potter-3_328/index.html
673,https://books.toscrape.com/catalogue/harry-potter-and-the-order-of-the-phoenix-harry-potter-5_327/index.html
674,https://books.toscrape.com/catalogue/harry-potter-and-the-half-blood-prince-harry-potter-6_326/index.html
675,https://books.toscrape.com/catalogue/harry-potter-and-the-chamber-of-secrets-harry-potter-2_325/index.html
676,https://books.toscrape.com/catalogue/gone-with-the-wind_324/index.html
677,https://books.toscrape.com/catalogue/god-is-not-great-how-religion-poisons-everything_323/index.html
678,https://books.toscrape.com/catalogue/girl-with-a-pearl-earring_322/index.html
679,https://books.toscrape.com/catalogue/fruits-basket-vol-4-fruits-basket-4_321/index.html
680,https://books.toscrape.com/catalogue/far-from-true-promise-falls-trilogy-2_320/index.html
681,https://books.toscrape.com/catalogue/dark-lover-black-dagger-brotherhood-1_319/index.html
682,https://books.toscrape.com/catalogue/confessions-of-a-shopaholic-shopaholic-1_318/index.html
683,https://books.toscrape.com/catalogue/changing-the-game-play-by-play-2_317/index.html
684,https://books.toscrape.com/catalogue/candide_316/index.html
685,https://books.toscrape.com/catalogue/can-you-keep-a-secret_315/index.html
686,https://books.toscrape.com/catalogue/atlas-shrugged_314/index.html
687,https://books.toscrape.com/catalogue/animal-farm_313/index.html
688,https://books.toscrape.com/catalogue/a-walk-to-remember_312/index.html
689,https://books.toscrape.com/catalogue/a-new-earth-awakening-to-your-lifes-purpose_311/index.html
690,https://books.toscrape.com/catalogue/a-history-of-god-the-4000-year-quest-of-judaism-christianity-and-islam_310/index.html
691,https://books.toscrape.com/catalogue/salems-lot_309/index.html
692,https://books.toscrape.com/catalogue/zero-history-blue-ant-3_308/index.html
693,https://books.toscrape.com/catalogue/wuthering-heights_307/index.html
694,https://books.toscrape.com/catalogue/world-war-z-an-oral-history-of-the-zombie-war_306/index.html
695,https://books.toscrape.com/catalogue/wild-from-lost-to-found-on-the-pacific-crest-trail_305/index.html
696,https://books.toscrape.com/catalogue/whered-you-go-bernadette_304/index.html
697,https://books.toscrape.com/catalogue/when-you-are-engulfed-in-flames_303/index.html
698,https://books.toscrape.com/catalogue/we-the-people-the-modern-day-figures-who-have-reshaped-and-affirmed-the-founding-fathers-vision-of-america_302/index.html
699,https://books.toscrape.com/catalogue/we-are-all-completely-beside-ourselves_301/index.html
700,https://books.toscrape.com/catalogue/walk-the-edge-thunder-road-2_300/index.html
701,https://books.toscrape.com/catalogue/voyager-outlander-3_299/index.html
702,https://books.toscrape.com/catalogue/very-good-lives-the-fringe-benefits-of-failure-and-the-importance-of-imagination_298/index.html
703,https://books.toscrape.com/catalogue/vegan-vegetarian-omnivore-dinner-for-everyone-at-the-table_297/index.html
704,https://books.toscrape.com/catalogue/unstuffed-decluttering-your-home-mind-and-soul_296/index.html
705,https://books.toscrape.com/catalogue/under-the-banner-of-heaven-a-story-of-violent-faith_295/index.html
706,https://books.toscrape.com/catalogue/two-boys-kissing_294/index.html
707,https://books.toscrape.com/catalogue/twilight-twilight-1_293/index.html
708,https://books.toscrape.com/catalogue/twenties-girl_292/index.html
709,https://books.toscrape.com/catalogue/trespassing-across-america-one-mans-epic-never-done-before-and-sort-of-illegal-hike-across-the-heartland_291/index.html
710,https://books.toscrape.com/catalogue/three-martini-lunch_290/index.html
711,https://books.toscrape.com/catalogue/thinking-fast-and-slow_289/index.html
712,https://books.toscrape.com/catalogue/the-wild-robot_288/index.html
713,https://books.toscrape.com/catalogue/the-wicked-the-divine-vol-3-commercial-suicide-the-wicked-the-divine_287/index.html
714,https://books.toscrape.com/catalogue/the-undomestic-goddess_286/index.html
715,https://books.toscrape.com/catalogue/the-travelers_285/index.html
716,https://books.toscrape.com/catalogue/the-tipping-point-how-little-things-can-make-a-big-difference_284/index.html
717,https://books.toscrape.com/catalogue/the-thing-about-jellyfish_283/index.html
718,https://books.toscrape.com/catalogue/the-stand_282/index.html
719,https://books.toscrape.com/catalogue/the-smitten-kitchen-cookbook_281/index.html
720,https://books.toscrape.com/catalogue/the-silkworm-cormoran-strike-2_280/index.html
721,https://books.toscrape.com/catalogue/the-sandman-vol-3-dream-country-the-sandman-volumes-3_279/index.html
722,https://books.toscrape.com/catalogue/the-rose-the-dagger-the-wrath-and-the-dawn-2_278/index.html
723,https://books.toscrape.com/catalogue/the-road-to-little-dribbling-adventures-of-an-american-in-britain-notes-from-a-small-island-2_277/index.html
724,https://books.toscrape.com/catalogue/the-rise-of-theodore-roosevelt-theodore-roosevelt-1_276/index.html
725,https://books.toscrape.com/catalogue/the-restaurant-at-the-end-of-the-universe-hitchhikers-guide-to-the-galaxy-2_275/index.html
726,https://books.toscrape.com/catalogue/the-rest-is-noise-listening-to-the-twentieth-century_274/index.html
727,https://books.toscrape.com/catalogue/the-red-tent_273/index.html
728,https://books.toscrape.com/catalogue/the-purpose-driven-life-what-on-earth-am-i-here-for_272/index.html
729,https://books.toscrape.com/catalogue/the-purest-hook-second-circle-tattoos-3_271/index.html
730,https://books.toscrape.com/catalogue/the-picture-of-dorian-gray_270/index.html
731,https://books.toscrape.com/catalogue/the-paris-wife_269/index.html
732,https://books.toscrape.com/catalogue/the-obsession_268/index.html
733,https://books.toscrape.com/catalogue/the-nightingale_267/index.html
734,https://books.toscrape.com/catalogue/the-new-guy-and-other-senior-year-distractions_266/index.html
735,https://books.toscrape.com/catalogue/the-nanny-diaries-nanny-1_265/index.html
736,https://books.toscrape.com/catalogue/the-name-of-god-is-mercy_264/index.html
737,https://books.toscrape.com/catalogue/the-maze-runner-the-maze-runner-1_263/index.html
738,https://books.toscrape.com/catalogue/the-lovers-dictionary_262/index.html
739,https://books.toscrape.com/catalogue/the-lonely-ones_261/index.html
740,https://books.toscrape.com/catalogue/the-lean-startup-how-todays-entrepreneurs-use-continuous-innovation-to-create-radically-successful-businesses_260/index.html
741,https://books.toscrape.com/catalogue/the-last-painting-of-sara-de-vos_259/index.html
742,https://books.toscrape.com/catalogue/the-land-of-10000-madonnas_258/index.html
743,https://books.toscrape.com/catalogue/the-infinities_257/index.html
744,https://books.toscrape.com/catalogue/the-husbands-secret_256/index.html
745,https://books.toscrape.com/catalogue/the-hitchhikers-guide-to-the-galaxy-hitchhikers-guide-to-the-galaxy-1_255/index.html
746,https://books.toscrape.com/catalogue/the-guns-of-august_254/index.html
747,https://books.toscrape.com/catalogue/the-guernsey-literary-and-potato-peel-pie-society_253/index.html
748,https://books.toscrape.com/catalogue/the-goldfinch_252/index.html
749,https://books.toscrape.com/catalogue/the-giver-the-giver-quartet-1_251/index.html
750,https://books.toscrape.com/catalogue/the-girl-with-all-the-gifts_250/index.html
751,https://books.toscrape.com/catalogue/the-girl-who-played-with-fire-millennium-trilogy-2_249/index.html
752,https://books.toscrape.com/catalogue/the-girl-who-kicked-the-hornets-nest-millennium-trilogy-3_248/index.html
753,https://books.toscrape.com/catalogue/the-exiled_247/index.html
754,https://books.toscrape.com/catalogue/the-end-of-faith-religion-terror-and-the-future-of-reason_246/index.html
755,https://books.toscrape.com/catalogue/the-elegant-universe-superstrings-hidden-dimensions-and-the-quest-for-the-ultimate-theory_245/index.html
756,https://books.toscrape.com/catalogue/the-disappearing-spoon-and-other-true-tales-of-madness-love-and-the-history-of-the-world-from-the-periodic-table-of-the-elements_244/index.html
757,https://books.toscrape.com/catalogue/the-devil-wears-prada-the-devil-wears-prada-1_243/index.html
758,https://books.toscrape.com/catalogue/the-demon-haunted-world-science-as-a-candle-in-the-dark_242/index.html
759,https://books.toscrape.com/catalogue/the-day-the-crayons-came-home-crayons_241/index.html
760,https://books.toscrape.com/catalogue/the-da-vinci-code-robert-langdon-2_240/index.html
761,https://books.toscrape.com/catalogue/the-cuckoos-calling-cormoran-strike-1_239/index.html
762,https://books.toscrape.com/catalogue/the-complete-stories-and-poems-the-works-of-edgar-allan-poe-cameo-edition_238/index.html
763,https://books.toscrape.com/catalogue/the-complete-poems_237/index.html
764,https://books.toscrape.com/catalogue/the-catcher-in-the-rye_236/index.html
765,https://books.toscrape.com/catalogue/the-cat-in-the-hat-beginner-books-b-1_235/index.html
766,https://books.toscrape.com/catalogue/the-case-for-christ-cases-for-christianity_234/index.html
767,https://books.toscrape.com/catalogue/the-book-thief_233/index.html
768,https://books.toscrape.com/catalogue/the-book-of-basketball-the-nba-according-to-the-sports-guy_232/index.html
769,https://books.toscrape.com/catalogue/the-blind-side-evolution-of-a-game_231/index.html
770,https://books.toscrape.com/catalogue/the-autobiography-of-malcolm-x_230/index.html
771,https://books.toscrape.com/catalogue/the-art-of-simple-food-notes-lessons-and-recipes-from-a-delicious-revolution_229/index.html
772,https://books.toscrape.com/catalogue/the-art-of-fielding_228/index.html
773,https://books.toscrape.com/catalogue/surely-youre-joking-mr-feynman-adventures-of-a-curious-character_227/index.html
774,https://books.toscrape.com/catalogue/stiff-the-curious-lives-of-human-cadavers_226/index.html
775,https://books.toscrape.com/catalogue/spilled-milk-based-on-a-true-story_225/index.html
776,https://books.toscrape.com/catalogue/something-borrowed-darcy-rachel-1_224/index.html
777,https://books.toscrape.com/catalogue/something-blue-darcy-rachel-2_223/index.html
778,https://books.toscrape.com/catalogue/soldier-talon-3_222/index.html
779,https://books.toscrape.com/catalogue/shopaholic-baby-shopaholic-5_221/index.html
780,https://books.toscrape.com/catalogue/seven-days-in-the-art-world_220/index.html
781,https://books.toscrape.com/catalogue/seven-brief-lessons-on-physics_219/index.html
782,https://books.toscrape.com/catalogue/scarlet-the-lunar-chronicles-2_218/index.html
783,https://books.toscrape.com/catalogue/sarahs-key_217/index.html
784,https://books.toscrape.com/catalogue/saga-volume-3-saga-collected-editions-3_216/index.html
785,https://books.toscrape.com/catalogue/running-with-scissors_215/index.html
786,https://books.toscrape.com/catalogue/rogue-lawyer-rogue-lawyer-1_214/index.html
787,https://books.toscrape.com/catalogue/rise-of-the-rocket-girls-the-women-who-propelled-us-from-missiles-to-the-moon-to-mars_213/index.html
788,https://books.toscrape.com/catalogue/rework_212/index.html
789,https://books.toscrape.com/catalogue/reservations-for-two_211/index.html
790,https://books.toscrape.com/catalogue/red-the-true-story-of-red-riding-hood_210/index.html
791,https://books.toscrape.com/catalogue/ready-player-one_209/index.html
792,https://books.toscrape.com/catalogue/quiet-the-power-of-introverts-in-a-world-that-cant-stop-talking_208/index.html
793,https://books.toscrape.com/catalogue/prodigy-the-graphic-novel-legend-the-graphic-novel-2_207/index.html
794,https://books.toscrape.com/catalogue/persepolis-the-story-of-a-childhood-persepolis-1-2_206/index.html
795,https://books.toscrape.com/catalogue/packing-for-mars-the-curious-science-of-life-in-the-void_205/index.html
796,https://books.toscrape.com/catalogue/outliers-the-story-of-success_204/index.html
797,https://books.toscrape.com/catalogue/original-fake_203/index.html
798,https://books.toscrape.com/catalogue/orange-is-the-new-black_202/index.html
799,https://books.toscrape.com/catalogue/one-for-the-money-stephanie-plum-1_201/index.html
800,https://books.toscrape.com/catalogue/notes-from-a-small-island-notes-from-a-small-island-1_200/index.html
801,https://books.toscrape.com/catalogue/night-the-night-trilogy-1_199/index.html
802,https://books.toscrape.com/catalogue/neither-here-nor-there-travels-in-europe_198/index.html
803,https://books.toscrape.com/catalogue/naked_197/index.html
804,https://books.toscrape.com/catalogue/morning-star-red-rising-3_196/index.html
805,https://books.toscrape.com/catalogue/miracles-from-heaven-a-little-girl-her-journey-to-heaven-and-her-amazing-story-of-healing_195/index.html
806,https://books.toscrape.com/catalogue/midnight-riot-peter-grant-rivers-of-london-books-1_194/index.html
807,https://books.toscrape.com/catalogue/me-talk-pretty-one-day_193/index.html
808,https://books.toscrape.com/catalogue/manuscript-found-in-accra_192/index.html
809,https://books.toscrape.com/catalogue/lust-wonder_191/index.html
810,https://books.toscrape.com/catalogue/lila-gilead-3_190/index.html
811,https://books.toscrape.com/catalogue/life-the-universe-and-everything-hitchhikers-guide-to-the-galaxy-3_189/index.html
812,https://books.toscrape.com/catalogue/life-without-a-recipe_188/index.html
813,https://books.toscrape.com/catalogue/life-after-life_187/index.html
814,https://books.toscrape.com/catalogue/letter-to-a-christian-nation_186/index.html
815,https://books.toscrape.com/catalogue/lets-pretend-this-never-happened-a-mostly-true-memoir_185/index.html
816,https://books.toscrape.com/catalogue/legend-legend-1_184/index.html
817,https://books.toscrape.com/catalogue/lean-in-women-work-and-the-will-to-lead_183/index.html
818,https://books.toscrape.com/catalogue/lamb-the-gospel-according-to-biff-christs-childhood-pal_182/index.html
819,https://books.toscrape.com/catalogue/lady-renegades-rebel-belle-3_181/index.html
820,https://books.toscrape.com/catalogue/jurassic-park-jurassic-park-1_180/index.html
821,https://books.toscrape.com/catalogue/its-never-too-late-to-begin-again-discovering-creativity-and-meaning-at-midlife-and-beyond_179/index.html
822,https://books.toscrape.com/catalogue/is-everyone-hanging-out-without-me-and-other-concerns_178/index.html
823,https://books.toscrape.com/catalogue/into-the-wild_177/index.html
824,https://books.toscrape.com/catalogue/inferno-robert-langdon-4_176/index.html
825,https://books.toscrape.com/catalogue/in-the-garden-of-beasts-love-terror-and-an-american-family-in-hitlers-berlin_175/index.html
826,https://books.toscrape.com/catalogue/if-i-run-if-i-run-1_174/index.html
827,https://books.toscrape.com/catalogue/ive-got-your-number_173/index.html
828,https://books.toscrape.com/catalogue/i-am-malala-the-girl-who-stood-up-for-education-and-was-shot-by-the-taliban_172/index.html
829,https://books.toscrape.com/catalogue/hungry-girl-clean-hungry-easy-all-natural-recipes-for-healthy-eating-in-the-real-world_171/index.html
830,https://books.toscrape.com/catalogue/house-of-lost-worlds-dinosaurs-dynasties-and-the-story-of-life-on-earth_170/index.html
831,https://books.toscrape.com/catalogue/house-of-leaves_169/index.html
832,https://books.toscrape.com/catalogue/horrible-bear_168/index.html
833,https://books.toscrape.com/catalogue/holidays-on-ice_167/index.html
834,https://books.toscrape.com/catalogue/heir-to-the-sky_166/index.html
835,https://books.toscrape.com/catalogue/green-eggs-and-ham-beginner-books-b-16_165/index.html
836,https://books.toscrape.com/catalogue/grayson-vol-3-nemesis-grayson-3_164/index.html
837,https://books.toscrape.com/catalogue/gratitude_163/index.html
838,https://books.toscrape.com/catalogue/gone-girl_162/index.html
839,https://books.toscrape.com/catalogue/golden-heart-of-dread-3_161/index.html
840,https://books.toscrape.com/catalogue/girl-in-the-blue-coat_160/index.html
841,https://books.toscrape.com/catalogue/fruits-basket-vol-3-fruits-basket-3_159/index.html
842,https://books.toscrape.com/catalogue/friday-night-lights-a-town-a-team-and-a-dream_158/index.html
843,https://books.toscrape.com/catalogue/fire-bound-sea-havensisters-of-the-heart-5_157/index.html
844,https://books.toscrape.com/catalogue/fifty-shades-freed-fifty-shades-3_156/index.html
845,https://books.toscrape.com/catalogue/fellside_155/index.html
846,https://books.toscrape.com/catalogue/extreme-prey-lucas-davenport-26_154/index.html
847,https://books.toscrape.com/catalogue/eragon-the-inheritance-cycle-1_153/index.html
848,https://books.toscrape.com/catalogue/eclipse-twilight-3_152/index.html
849,https://books.toscrape.com/catalogue/dune-dune-1_151/index.html
850,https://books.toscrape.com/catalogue/dracula_150/index.html
851,https://books.toscrape.com/catalogue/do-androids-dream-of-electric-sheep-blade-runner-1_149/index.html
852,https://books.toscrape.com/catalogue/disrupted-my-misadventure-in-the-start-up-bubble_148/index.html
853,https://books.toscrape.com/catalogue/dead-wake-the-last-crossing-of-the-lusitania_147/index.html
854,https://books.toscrape.com/catalogue/david-and-goliath-underdogs-misfits-and-the-art-of-battling-giants_146/index.html
855,https://books.toscrape.com/catalogue/darkfever-fever-1_145/index.html
856,https://books.toscrape.com/catalogue/dark-places_144/index.html
857,https://books.toscrape.com/catalogue/crazy-rich-asians-crazy-rich-asians-1_143/index.html
858,https://books.toscrape.com/catalogue/counting-thyme_142/index.html
859,https://books.toscrape.com/catalogue/cosmos_141/index.html
860,https://books.toscrape.com/catalogue/civilization-and-its-discontents_140/index.html
861,https://books.toscrape.com/catalogue/cinder-the-lunar-chronicles-1_139/index.html
862,https://books.toscrape.com/catalogue/catastrophic-happiness-finding-joy-in-childhoods-messy-years_138/index.html
863,https://books.toscrape.com/catalogue/career-of-evil-cormoran-strike-3_137/index.html
864,https://books.toscrape.com/catalogue/breaking-dawn-twilight-4_136/index.html
865,https://books.toscrape.com/catalogue/brave-enough_135/index.html
866,https://books.toscrape.com/catalogue/boy-meets-boy_134/index.html
867,https://books.toscrape.com/catalogue/born-to-run-a-hidden-tribe-superathletes-and-the-greatest-race-the-world-has-never-seen_133/index.html
868,https://books.toscrape.com/catalogue/blink-the-power-of-thinking-without-thinking_132/index.html
869,https://books.toscrape.com/catalogue/black-flags-the-rise-of-isis_131/index.html
870,https://books.toscrape.com/catalogue/black-butler-vol-1-black-butler-1_130/index.html
871,https://books.toscrape.com/catalogue/big-little-lies_129/index.html
872,https://books.toscrape.com/catalogue/between-shades-of-gray_128/index.html
873,https://books.toscrape.com/catalogue/best-of-my-love-fools-gold-20_127/index.html
874,https://books.toscrape.com/catalogue/beowulf_126/index.html
875,https://books.toscrape.com/catalogue/beautiful-creatures-caster-chronicles-1_125/index.html
876,https://books.toscrape.com/catalogue/awkward_124/index.html
877,https://books.toscrape.com/catalogue/ash_123/index.html
878,https://books.toscrape.com/catalogue/are-we-there-yet_122/index.html
879,https://books.toscrape.com/catalogue/are-we-smart-enough-to-know-how-smart-animals-are_121/index.html
880,https://books.toscrape.com/catalogue/annie-on-my-mind_120/index.html
881,https://books.toscrape.com/catalogue/and-then-there-were-none_119/index.html
882,https://books.toscrape.com/catalogue/a-walk-in-the-woods-rediscovering-america-on-the-appalachian-trail_118/index.html
883,https://books.toscrape.com/catalogue/a-visit-from-the-goon-squad_117/index.html
884,https://books.toscrape.com/catalogue/a-storm-of-swords-a-song-of-ice-and-fire-3_116/index.html
885,https://books.toscrape.com/catalogue/a-heartbreaking-work-of-staggering-genius_115/index.html
886,https://books.toscrape.com/catalogue/8-keys-to-mental-health-through-exercise_114/index.html
887,https://books.toscrape.com/catalogue/girlboss_113/index.html
888,https://books.toscrape.com/catalogue/the-suffragettes-little-black-classics-96_112/index.html
889,https://books.toscrape.com/catalogue/the-sense-of-an-ending_111/index.html
890,https://books.toscrape.com/catalogue/the-sandman-vol-2-the-dolls-house-the-sandman-volumes-2_110/index.html
891,https://books.toscrape.com/catalogue/the-course-of-love_109/index.html
892,https://books.toscrape.com/catalogue/sugar-rush-offensive-line-2_108/index.html
893,https://books.toscrape.com/catalogue/saga-volume-2-saga-collected-editions-2_107/index.html
894,https://books.toscrape.com/catalogue/run-spot-run-the-ethics-of-keeping-pets_106/index.html
895,https://books.toscrape.com/catalogue/new-moon-twilight-2_105/index.html
896,https://books.toscrape.com/catalogue/life_104/index.html
897,https://books.toscrape.com/catalogue/kindle-paperwhite-users-guide_103/index.html
898,https://books.toscrape.com/catalogue/h-is-for-hawk_102/index.html
899,https://books.toscrape.com/catalogue/girl-online-on-tour-girl-online-2_101/index.html
900,https://books.toscrape.com/catalogue/fruits-basket-vol-2-fruits-basket-2_100/index.html
901,https://books.toscrape.com/catalogue/diary-of-a-minecraft-zombie-book-1-a-scare-of-a-dare-an-unofficial-minecraft-book_99/index.html
902,https://books.toscrape.com/catalogue/y-the-last-man-vol-1-unmanned-y-the-last-man-1_98/index.html
903,https://books.toscrape.com/catalogue/while-you-were-mine_97/index.html
904,https://books.toscrape.com/catalogue/where-lightning-strikes-bleeding-stars-3_96/index.html
905,https://books.toscrape.com/catalogue/when-im-gone_95/index.html
906,https://books.toscrape.com/catalogue/ways-of-seeing_94/index.html
907,https://books.toscrape.com/catalogue/vampire-knight-vol-1-vampire-knight-1_93/index.html
908,https://books.toscrape.com/catalogue/vampire-girl-vampire-girl-1_92/index.html
909,https://books.toscrape.com/catalogue/twenty-love-poems-and-a-song-of-despair_91/index.html
910,https://books.toscrape.com/catalogue/travels-with-charley-in-search-of-america_90/index.html
911,https://books.toscrape.com/catalogue/three-wishes-river-of-time-california-1_89/index.html
912,https://books.toscrape.com/catalogue/this-one-moment-pushing-limits-1_88/index.html
913,https://books.toscrape.com/catalogue/the-zombie-room_87/index.html
914,https://books.toscrape.com/catalogue/the-wicked-the-divine-vol-1-the-faust-act-the-wicked-the-divine_86/index.html
915,https://books.toscrape.com/catalogue/the-tumor_85/index.html
916,https://books.toscrape.com/catalogue/the-story-of-hong-gildong_84/index.html
917,https://books.toscrape.com/catalogue/the-silent-wife_83/index.html
918,https://books.toscrape.com/catalogue/the-silent-twin-detective-jennifer-knight-3_82/index.html
919,https://books.toscrape.com/catalogue/the-selfish-gene_81/index.html
920,https://books.toscrape.com/catalogue/the-secret-healer_80/index.html
921,https://books.toscrape.com/catalogue/the-sandman-vol-1-preludes-and-nocturnes-the-sandman-volumes-1_79/index.html
922,https://books.toscrape.com/catalogue/the-republic_78/index.html
923,https://books.toscrape.com/catalogue/the-odyssey_77/index.html
924,https://books.toscrape.com/catalogue/the-no-1-ladies-detective-agency-no-1-ladies-detective-agency-1_76/index.html
925,https://books.toscrape.com/catalogue/the-nicomachean-ethics_75/index.html
926,https://books.toscrape.com/catalogue/the-name-of-the-wind-the-kingkiller-chronicle-1_74/index.html
927,https://books.toscrape.com/catalogue/the-mirror-the-maze-the-wrath-and-the-dawn-15_73/index.html
928,https://books.toscrape.com/catalogue/the-little-prince_72/index.html
929,https://books.toscrape.com/catalogue/the-light-of-the-fireflies_71/index.html
930,https://books.toscrape.com/catalogue/the-last-girl-the-dominion-trilogy-1_70/index.html
931,https://books.toscrape.com/catalogue/the-iliad_69/index.html
932,https://books.toscrape.com/catalogue/the-hook-up-game-on-1_68/index.html
933,https://books.toscrape.com/catalogue/the-haters_67/index.html
934,https://books.toscrape.com/catalogue/the-girl-you-lost_66/index.html
935,https://books.toscrape.com/catalogue/the-girl-in-the-ice-dci-erika-foster-1_65/index.html
936,https://books.toscrape.com/catalogue/the-end-of-the-jesus-era-an-investigation-1_64/index.html
937,https://books.toscrape.com/catalogue/the-edge-of-reason-bridget-jones-2_63/index.html
938,https://books.toscrape.com/catalogue/the-complete-maus-maus-1-2_62/index.html
939,https://books.toscrape.com/catalogue/the-communist-manifesto_61/index.html
940,https://books.toscrape.com/catalogue/the-bhagavad-gita_60/index.html
941,https://books.toscrape.com/catalogue/the-bette-davis-club_59/index.html
942,https://books.toscrape.com/catalogue/the-art-of-not-breathing_58/index.html
943,https://books.toscrape.com/catalogue/taking-shots-assassins-1_57/index.html
944,https://books.toscrape.com/catalogue/starlark_56/index.html
945,https://books.toscrape.com/catalogue/skip-beat-vol-01-skip-beat-1_55/index.html
946,https://books.toscrape.com/catalogue/sister-sable-the-mad-queen-1_54/index.html
947,https://books.toscrape.com/catalogue/shatter-me-shatter-me-1_53/index.html
948,https://books.toscrape.com/catalogue/shameless_52/index.html
949,https://books.toscrape.com/catalogue/shadow-rites-jane-yellowrock-10_51/index.html
950,https://books.toscrape.com/catalogue/settling-the-score-the-summer-games-1_50/index.html
951,https://books.toscrape.com/catalogue/sense-and-sensibility_49/index.html
952,https://books.toscrape.com/catalogue/saga-volume-1-saga-collected-editions-1_48/index.html
953,https://books.toscrape.com/catalogue/rhythm-chord-malykhin_47/index.html
954,https://books.toscrape.com/catalogue/rat-queens-vol-1-sass-sorcery-rat-queens-collected-editions-1-5_46/index.html
955,https://books.toscrape.com/catalogue/paradise-lost-paradise-1_45/index.html
956,https://books.toscrape.com/catalogue/paper-girls-vol-1-paper-girls-1-5_44/index.html
957,https://books.toscrape.com/catalogue/ouran-high-school-host-club-vol-1-ouran-high-school-host-club-1_43/index.html
958,https://books.toscrape.com/catalogue/origins-alphas-05_42/index.html
959,https://books.toscrape.com/catalogue/one-second-seven-7_41/index.html
960,https://books.toscrape.com/catalogue/on-the-road-duluoz-legend_40/index.html
961,https://books.toscrape.com/catalogue/old-records-never-die-one-mans-quest-for-his-vinyl-and-his-past_39/index.html
962,https://books.toscrape.com/catalogue/off-sides-off-1_38/index.html
963,https://books.toscrape.com/catalogue/of-mice-and-men_37/index.html
964,https://books.toscrape.com/catalogue/myriad-prentor-1_36/index.html
965,https://books.toscrape.com/catalogue/my-perfect-mistake-over-the-top-1_35/index.html
966,https://books.toscrape.com/catalogue/ms-marvel-vol-1-no-normal-ms-marvel-2014-2015-1_34/index.html
967,https://books.toscrape.com/catalogue/meditations_33/index.html
968,https://books.toscrape.com/catalogue/matilda_32/index.html
969,https://books.toscrape.com/catalogue/lost-among-the-living_31/index.html
970,https://books.toscrape.com/catalogue/lord-of-the-flies_30/index.html
971,https://books.toscrape.com/catalogue/listen-to-me-fusion-1_29/index.html
972,https://books.toscrape.com/catalogue/kitchens-of-the-great-midwest_28/index.html
973,https://books.toscrape.com/catalogue/jane-eyre_27/index.html
974,https://books.toscrape.com/catalogue/imperfect-harmony_26/index.html
975,https://books.toscrape.com/catalogue/icing-aces-hockey-2_25/index.html
976,https://books.toscrape.com/catalogue/hawkeye-vol-1-my-life-as-a-weapon-hawkeye-1_24/index.html
977,https://books.toscrape.com/catalogue/having-the-barbarians-baby-ice-planet-barbarians-75_23/index.html
978,https://books.toscrape.com/catalogue/giant-days-vol-1-giant-days-1-4_22/index.html
979,https://books.toscrape.com/catalogue/fruits-basket-vol-1-fruits-basket-1_21/index.html
980,https://books.toscrape.com/catalogue/frankenstein_20/index.html
981,https://books.toscrape.com/catalogue/forever-rockers-the-rocker-12_19/index.html
982,https://books.toscrape.com/catalogue/fighting-fate-fighting-6_18/index.html
983,https://books.toscrape.com/catalogue/emma_17/index.html
984,https://books.toscrape.com/catalogue/eat-pray-love_16/index.html
985,https://books.toscrape.com/catalogue/deep-under-walker-security-1_15/index.html
986,https://books.toscrape.com/catalogue/choosing-our-religion-the-spiritual-lives-of-americas-nones_14/index.html
987,https://books.toscrape.com/catalogue/charlie-and-the-chocolate-factory-charlie-bucket-1_13/index.html
988,https://books.toscrape.com/catalogue/charitys-cross-charles-towne-belles-4_12/index.html
989,https://books.toscrape.com/catalogue/bright-lines_11/index.html
990,https://books.toscrape.com/catalogue/bridget-joness-diary-bridget-jones-1_10/index.html
991,https://books.toscrape.com/catalogue/bounty-colorado-mountain-7_9/index.html
992,https://books.toscrape.com/catalogue/blood-defense-samantha-brinkman-1_8/index.html
993,https://books.toscrape.com/catalogue/bleach-vol-1-strawberry-and-the-soul-reapers-bleach-1_7/index.html
994,https://books.toscrape.com/catalogue/beyond-good-and-evil_6/index.html
995,https://books.toscrape.com/catalogue/alice-in-wonderland-alices-adventures-in-wonderland-1_5/index.html
996,https://books.toscrape.com/catalogue/ajin-demi-human-volume-1-ajin-demi-human-1_4/index.html
997,https://books.toscrape.com/catalogue/a-spys-devotion-the-regency-spies-of-london-1_3/index.html
998,https://books.toscrape.com/catalogue/1st-to-die-womens-murder-club-1_2/index.html
999,https://books.toscrape.com/catalogue/1000-places-to-see-before-you-die_1/index.html
